Rk,Player,Pos,Age,Tm,G,GS,MP,FG,FGA,FG%,3P,3PA,3P%,2P,2PA,2P%,eFG%,FT,FTA,FT%,ORB,DRB,TRB,AST,STL,BLK,TOV,PF,PTS
1,Precious Achiuwa,PF,21,MIA,58,3,11.9,1.9,3.6,0.538,0,0,,1.9,3.6,0.538,0.538,0.9,1.8,0.515,1.2,2.2,3.4,0.5,0.3,0.5,0.7,1.5,4.8
2,Jaylen Adams,PG,24,MIL,7,0,2.6,0.1,1.1,0.125,0,0.3,0,0.1,0.9,0.167,0.125,0,0,,0,0.4,0.4,0.3,0,0,0,0.1,0.3
3,Steven Adams,C,27,NOP,58,58,27.7,3.3,5.3,0.614,0,0.1,0,3.3,5.3,0.62,0.614,1,2.3,0.444,3.7,5.2,8.9,1.9,0.9,0.7,1.3,1.9,7.6
4,Bam Adebayo,C,23,MIA,62,62,33.5,7.2,12.5,0.572,0,0.1,0.25,7.1,12.4,0.575,0.573,4.5,5.7,0.799,2.2,6.7,8.9,5.3,1.2,1,2.7,2.3,18.9
5,LaMarcus Aldridge,C,35,TOT,26,23,25.9,5.4,11.4,0.473,1.2,3.1,0.388,4.2,8.3,0.505,0.525,1.6,1.8,0.872,0.7,3.8,4.5,1.9,0.4,1.1,1,1.8,13.5
5,LaMarcus Aldridge,C,35,SAS,21,18,25.9,5.5,11.8,0.464,1.3,3.6,0.36,4.2,8.2,0.509,0.518,1.5,1.8,0.838,0.8,3.7,4.5,1.7,0.4,0.9,1,1.7,13.7
5,LaMarcus Aldridge,C,35,BRK,5,5,26,5,9.6,0.521,0.8,1,0.8,4.2,8.6,0.488,0.563,2,2,1,0.4,4.4,4.8,2.6,0.6,2.2,1.4,2.2,12.8
6,Ty-Shon Alexander,SG,22,PHO,14,0,3,0.1,0.8,0.182,0.1,0.6,0.125,0.1,0.2,0.333,0.227,0.1,0.1,0.5,0.1,0.4,0.5,0.3,0,0.1,0.1,0.1,0.4
7,Nickeil Alexander-Walker,SG,22,NOP,44,11,21.1,4,9.5,0.42,1.6,4.6,0.345,2.4,4.9,0.491,0.504,1,1.3,0.737,0.3,2.8,3.1,2.1,1,0.5,1.4,1.9,10.5
8,Grayson Allen,SG,25,MEM,50,38,25.2,3.5,8.3,0.418,2.1,5.5,0.391,1.3,2.8,0.471,0.547,1.6,1.8,0.868,0.4,2.8,3.2,2.2,0.9,0.2,1,1.4,10.6
9,Jarrett Allen,C,22,TOT,61,43,29.5,4.7,7.6,0.624,0.1,0.3,0.353,4.6,7.3,0.635,0.631,3.2,4.5,0.704,3.1,6.8,9.9,1.7,0.5,1.4,1.6,1.5,12.8
9,Jarrett Allen,C,22,BRK,12,5,26.7,3.7,5.4,0.677,0,0,,3.7,5.4,0.677,0.677,3.8,5.1,0.754,3.2,7.3,10.4,1.7,0.6,1.6,1.8,1.8,11.2
9,Jarrett Allen,C,22,CLE,49,38,30.2,5,8.1,0.616,0.1,0.3,0.353,4.9,7.8,0.627,0.623,3,4.4,0.69,3.1,6.7,9.8,1.7,0.5,1.4,1.6,1.5,13.2
10,Al-Farouq Aminu,PF,30,TOT,23,14,18.9,1.7,4.3,0.384,0.3,1.6,0.216,1.3,2.7,0.484,0.424,0.8,1,0.818,1,3.8,4.8,1.3,0.8,0.4,1.2,1.3,4.4
10,Al-Farouq Aminu,PF,30,ORL,17,14,21.6,2.1,5.2,0.404,0.4,1.8,0.226,1.7,3.4,0.5,0.444,0.8,1,0.824,1.2,4.2,5.4,1.7,1,0.5,1.5,1.3,5.5
10,Al-Farouq Aminu,PF,30,CHI,6,0,11.2,0.3,1.7,0.2,0.2,1,0.167,0.2,0.7,0.25,0.25,0.7,0.8,0.8,0.3,2.8,3.2,0.3,0.3,0,0.5,1.2,1.5
11,Kyle Anderson,PF,27,MEM,67,67,27.3,4.5,9.6,0.465,1.4,3.8,0.357,3.1,5.8,0.536,0.536,2.1,2.7,0.779,0.8,5,5.8,3.5,1.2,0.8,1.2,1.7,12.4
12,Giannis Antetokounmpo,PF,26,MIL,59,59,32.9,10.3,18.1,0.566,1.1,3.7,0.3,9.2,14.5,0.634,0.597,6.5,9.5,0.689,1.6,9.4,11,5.9,1.2,1.2,3.5,2.8,28.2
13,Kostas Antetokounmpo,PF,23,LAL,15,0,3.7,0.2,0.7,0.3,0,0,,0.2,0.7,0.3,0.3,0.4,0.9,0.462,0.3,1,1.3,0.1,0.1,0.3,0.7,0.5,0.8
14,Thanasis Antetokounmpo,SF,28,MIL,55,2,9.7,1.2,2.4,0.504,0.1,0.5,0.259,1.1,1.9,0.566,0.53,0.5,0.9,0.51,1,1.3,2.2,0.8,0.4,0.2,0.8,1.3,3
15,Carmelo Anthony,PF,36,POR,67,3,24.6,4.8,11.3,0.425,1.9,4.7,0.413,2.9,6.6,0.434,0.511,2,2.2,0.887,0.5,2.6,3.1,1.5,0.7,0.5,0.9,2.1,13.6
16,Cole Anthony,PG,20,ORL,44,31,27.1,4.5,11.5,0.395,1.2,3.6,0.329,3.4,7.9,0.425,0.447,2.1,2.5,0.83,0.8,3.8,4.6,4.1,0.6,0.4,2.1,2.1,12.4
17,OG Anunoby,SF,23,TOR,43,43,33.3,5.8,12.1,0.48,2.4,6.1,0.398,3.4,6,0.562,0.58,1.9,2.4,0.784,1.3,4.3,5.5,2.2,1.5,0.7,1.7,2.7,15.9
18,Ryan Arcidiacono,PG,26,CHI,42,0,10,1,2.5,0.396,0.5,1.4,0.333,0.5,1.1,0.478,0.491,0.3,0.5,0.65,0.1,1.3,1.5,1.2,0.2,0,0.2,1,2.8
19,Trevor Ariza,SF,35,MIA,28,25,27.8,3.3,7.9,0.412,1.6,4.6,0.346,1.6,3.3,0.505,0.514,1.2,1.6,0.773,0.9,3.9,4.8,1.8,1,0.6,0.7,1.8,9.3
20,D.J. Augustin,PG,33,TOT,55,10,19.6,2.3,5.8,0.391,1.4,3.6,0.385,0.9,2.2,0.4,0.511,1.5,1.6,0.909,0.3,1.2,1.6,3.2,0.5,0,1.1,1,7.4
20,D.J. Augustin,PG,33,MIL,37,6,19.3,1.9,5.2,0.37,1.3,3.5,0.38,0.6,1.7,0.349,0.497,1,1.1,0.9,0.3,1.1,1.4,3,0.5,0,0.9,0.9,6.1
20,D.J. Augustin,PG,33,HOU,18,4,20.3,3,7.1,0.422,1.6,3.9,0.394,1.4,3.2,0.456,0.531,2.4,2.7,0.917,0.4,1.6,2,3.8,0.4,0,1.6,1.2,10
21,Deni Avdija,SF,20,WAS,54,32,23.3,2.4,5.8,0.417,1,3.1,0.315,1.4,2.7,0.535,0.502,0.5,0.8,0.644,0.4,4.4,4.9,1.2,0.6,0.3,0.6,2.6,6.3
22,Deandre Ayton,C,22,PHO,69,69,30.7,6.2,10,0.626,0.1,0.3,0.2,6.2,9.7,0.639,0.629,1.9,2.5,0.769,3.3,7.2,10.5,1.4,0.6,1.2,1.5,2.8,14.4
23,Udoka Azubuike,C,21,UTA,13,0,3.9,0.3,0.5,0.571,0,0,,0.3,0.5,0.571,0.571,0.3,0.5,0.667,0.3,0.7,1,0,0.1,0.3,0.2,0.6,0.9
24,Dwayne Bacon,SG,25,ORL,69,47,25.9,4.2,10.1,0.411,0.9,2.9,0.291,3.3,7.2,0.46,0.453,2,2.4,0.82,0.4,2.7,3.1,1.3,0.6,0.1,0.6,1.4,11.2
25,Marvin Bagley III,PF,21,SAC,43,42,25.9,5.7,11.4,0.504,0.9,2.5,0.343,4.9,8.9,0.55,0.542,1.8,3.1,0.575,2.5,4.9,7.4,1,0.5,0.5,1.4,2.3,14.1
26,LaMelo Ball,PG,19,CHO,48,28,28.8,5.8,13,0.442,1.8,5.1,0.355,4,7.9,0.499,0.512,2.4,3.2,0.755,1.2,4.7,6,6.2,1.6,0.4,3,2.8,15.8
27,Lonzo Ball,PG,23,NOP,55,55,31.8,5.3,12.7,0.414,3.1,8.3,0.378,2.1,4.5,0.482,0.537,0.9,1.2,0.781,0.6,4.2,4.8,5.7,1.5,0.6,2.2,1.9,14.6
28,Mo Bamba,C,22,ORL,44,4,15.5,3.1,6.4,0.48,0.8,2.5,0.324,2.3,3.9,0.578,0.543,1,1.4,0.677,1.7,4.1,5.8,0.7,0.3,1.3,0.8,1.9,7.9
29,Desmond Bane,SG,22,MEM,65,16,22.3,3.5,7.4,0.473,1.8,4,0.44,1.7,3.4,0.511,0.592,0.6,0.7,0.809,0.5,2.7,3.1,1.8,0.6,0.2,0.9,1.9,9.3
30,Harrison Barnes,PF,28,SAC,58,58,36.2,5.5,11.1,0.497,1.7,4.4,0.391,3.8,6.7,0.567,0.575,3.4,4.1,0.83,1.1,5.5,6.6,3.5,0.7,0.2,1.6,1.3,16.1
31,RJ Barrett,SG,20,NYK,69,69,34.9,6.5,14.8,0.44,1.7,4.3,0.393,4.8,10.5,0.459,0.497,2.9,3.8,0.743,1,4.8,5.8,3,0.8,0.3,1.9,2.6,17.5
32,Will Barton,SF,30,DEN,56,52,31,4.6,10.9,0.426,1.8,4.6,0.381,2.9,6.3,0.459,0.507,1.7,2.2,0.785,0.7,3.3,4,3.2,0.9,0.4,1.7,1.7,12.7
33,Keita Bates-Diop,SF,25,SAS,28,0,7.3,0.8,1.9,0.423,0.2,0.6,0.294,0.6,1.3,0.486,0.471,0.5,0.7,0.65,0.3,1.1,1.3,0.4,0.4,0.2,0.2,0.4,2.2
34,Nicolas Batum,SF,32,LAC,65,38,27.6,2.8,6.2,0.46,1.6,4.1,0.404,1.2,2.1,0.569,0.593,0.7,0.9,0.839,0.8,4,4.8,2.3,1,0.6,0.8,1.6,8.1
35,Aron Baynes,C,34,TOR,50,31,18.2,2.4,5.6,0.431,0.4,1.9,0.237,2,3.8,0.527,0.47,0.5,0.7,0.73,1.7,3.4,5.1,0.9,0.3,0.4,0.9,2.3,5.8
36,Kent Bazemore,SF,31,GSW,65,16,19.6,2.6,5.8,0.449,1.1,2.8,0.411,1.5,3.1,0.482,0.546,0.8,1.1,0.689,0.4,3,3.4,1.6,1,0.5,1.2,2.3,7.2
37,Darius Bazley,PF,20,OKC,54,54,31.2,5,12.5,0.402,1.5,5.2,0.294,3.5,7.3,0.478,0.463,2.3,3.3,0.702,0.9,6.3,7.3,1.8,0.5,0.5,2.2,1.1,13.9
38,Bradley Beal,SG,27,WAS,59,59,35.8,11.2,23,0.489,2.2,6.1,0.351,9.1,16.8,0.539,0.535,6.8,7.7,0.889,1.2,3.5,4.7,4.4,1.2,0.4,3.1,2.3,31.4
39,Malik Beasley,SG,24,MIN,37,36,32.8,7.1,16.2,0.44,3.5,8.7,0.399,3.7,7.5,0.487,0.547,1.8,2.2,0.85,0.8,3.6,4.4,2.4,0.8,0.2,1.6,1.7,19.6
40,Jordan Bell,C,26,WAS,5,1,13.4,1.4,4,0.35,0,0.4,0,1.4,3.6,0.389,0.35,0,0,,1.2,2.6,3.8,1,0.6,0.6,0.6,1,2.8
41,DeAndre' Bembry,SF,26,TOR,48,11,17.8,2.1,3.9,0.527,0.3,0.9,0.302,1.8,3,0.593,0.561,0.8,1.2,0.672,0.7,2.1,2.8,1.9,0.9,0.3,1.4,1.6,5.2
42,Dāvis Bertāns,PF,28,WAS,55,5,25.5,3.4,8.3,0.404,3,7.5,0.398,0.4,0.9,0.458,0.582,1.7,2,0.87,0.3,2.7,3,0.9,0.6,0.2,0.6,2.4,11.4
43,Patrick Beverley,PG,32,LAC,35,32,22.7,2.5,5.9,0.418,1.6,3.9,0.409,0.9,2,0.437,0.553,1,1.2,0.814,0.8,2.6,3.4,2.1,0.8,0.7,1,3,7.6
44,Saddiq Bey,SF,21,DET,68,51,27,3.9,9.6,0.409,2.5,6.4,0.389,1.5,3.2,0.45,0.538,1.7,2,0.853,0.6,3.9,4.5,1.3,0.7,0.2,0.8,1.6,12.1
45,Tyler Bey,SF,22,DAL,17,0,3.9,0.4,1.2,0.35,0.1,0.2,0.25,0.4,0.9,0.375,0.375,0.2,0.3,0.6,0.4,0.6,1,0.2,0,0.1,0.1,0.4,1.1
46,Khem Birch,C,28,TOT,64,19,22.3,2.7,5.3,0.5,0.2,0.6,0.268,2.5,4.7,0.532,0.516,1.3,1.9,0.705,2.6,3,5.7,1.3,0.7,0.8,0.6,1.7,6.8
46,Khem Birch,C,28,ORL,48,5,19.8,2,4.4,0.45,0.1,0.4,0.19,1.9,3.9,0.479,0.459,1.3,1.8,0.741,2.4,2.6,5.1,1.1,0.7,0.6,0.5,1.4,5.3
46,Khem Birch,C,28,TOR,16,14,29.5,4.8,8.2,0.58,0.4,1.3,0.35,4.3,6.9,0.622,0.607,1.4,2.3,0.622,3.1,4.3,7.4,1.8,0.8,1.3,1,2.5,11.4
47,Goga Bitadze,C,21,IND,42,2,11.8,1.8,4.2,0.432,0.4,1.7,0.239,1.4,2.5,0.562,0.48,0.9,1.2,0.776,1.3,1.9,3.2,0.8,0.2,1.3,0.4,2,4.9
48,Bismack Biyombo,C,28,CHO,63,35,20.9,2.1,3.7,0.582,0,0,0,2.1,3.7,0.584,0.582,0.7,1.6,0.447,2.1,3.3,5.4,1.3,0.3,1.2,1.1,2.2,5
49,Nemanja Bjelica,PF,32,TOT,35,1,15.3,2.2,5,0.446,0.6,2.1,0.27,1.7,2.9,0.574,0.503,1,1.3,0.723,0.7,2.6,3.3,1.7,0.3,0.1,0.9,1.8,6
49,Nemanja Bjelica,PF,32,SAC,26,1,16.9,2.7,5.8,0.46,0.7,2.2,0.293,2,3.5,0.565,0.517,1.2,1.6,0.762,0.9,2.9,3.8,1.9,0.3,0.1,1.1,1.8,7.2
49,Nemanja Bjelica,PF,32,MIA,9,0,10.9,1,2.8,0.36,0.3,1.8,0.188,0.7,1,0.667,0.42,0.2,0.6,0.4,0.1,1.8,1.9,1.1,0.3,0.2,0.3,1.8,2.6
50,Eric Bledsoe,SG,31,NOP,69,68,30.1,4.3,10.3,0.417,1.7,5.1,0.339,2.6,5.2,0.493,0.501,1.9,2.8,0.691,0.4,3,3.5,3.8,0.8,0.3,1.6,1.6,12.2
51,Keljin Blevins,SF,25,POR,17,0,4.4,0.3,1.2,0.25,0.1,0.5,0.25,0.2,0.7,0.25,0.3,0,0,,0.2,0.4,0.6,0.2,0.1,0,0.3,0.5,0.7
52,Bogdan Bogdanović,SG,28,ATL,43,26,29.7,6,12.9,0.467,3.3,7.6,0.436,2.7,5.3,0.511,0.595,0.8,0.9,0.897,0.5,3.2,3.7,3.3,1.1,0.3,1.2,2.3,16.1
53,Bojan Bogdanović,SF,31,UTA,70,70,30.8,5.6,12.8,0.44,2.5,6.4,0.39,3.1,6.3,0.49,0.538,3.2,3.6,0.875,0.6,3.3,3.9,1.8,0.6,0.1,1.8,1.6,16.9
54,Bol Bol,PF,21,DEN,30,2,4.9,0.8,1.7,0.462,0.3,0.8,0.391,0.5,1,0.517,0.548,0.3,0.5,0.643,0,0.7,0.7,0.2,0.1,0.3,0.4,0.5,2.2
55,Marques Bolden,C,22,CLE,6,0,4.8,0.2,0.5,0.333,0,0,,0.2,0.5,0.333,0.333,0.8,1.3,0.625,0.5,0.5,1,0,0.3,0.3,0.3,0,1.2
56,Jordan Bone,PG,23,ORL,14,0,14,1.6,3.9,0.426,0.7,2.3,0.313,0.9,1.6,0.591,0.519,0,0,,0.3,1.4,1.7,1.3,0.1,0,0.2,0.8,4
57,Isaac Bonga,SF,21,WAS,40,8,10.8,0.8,2,0.37,0.3,1.2,0.277,0.4,0.9,0.5,0.451,0.1,0.2,0.625,0.5,1.2,1.7,0.6,0.3,0.2,0.6,1.6,2
58,Devin Booker,SG,24,PHO,65,65,34,9.4,19.3,0.486,1.9,5.5,0.343,7.5,13.7,0.543,0.535,5,5.8,0.863,0.5,3.7,4.2,4.4,0.8,0.2,3.1,2.8,25.6
59,Chris Boucher,C,28,TOR,60,14,24.2,4.8,9.3,0.514,1.5,3.9,0.383,3.3,5.4,0.609,0.595,2.5,3.2,0.788,2,4.8,6.7,1.1,0.6,1.9,0.8,2.8,13.6
60,Brian Bowen,SF,22,IND,6,0,2.5,0.2,0.7,0.25,0,0.2,0,0.2,0.5,0.333,0.25,0.2,0.2,1,0,0.5,0.5,0,0,0,0,0.2,0.5
61,Avery Bradley,SG,30,TOT,27,6,22.3,2.4,6.3,0.374,1.2,3.7,0.327,1.1,2.6,0.443,0.471,0.4,0.6,0.8,0.3,1.8,2.1,1.7,0.8,0.1,1,2,6.4
61,Avery Bradley,SG,30,MIA,10,1,21.1,3.1,6.6,0.47,1.6,3.8,0.421,1.5,2.8,0.536,0.591,0.7,0.9,0.778,0.2,1.6,1.8,1.4,0.7,0.1,0.9,2.6,8.5
61,Avery Bradley,SG,30,HOU,17,5,23,1.9,6.2,0.314,1,3.7,0.27,0.9,2.5,0.381,0.395,0.3,0.4,0.833,0.4,1.9,2.3,1.9,0.8,0.1,1.1,1.7,5.2
62,Tony Bradley,C,23,TOT,40,8,16.3,3.2,4.7,0.667,0,0.1,0,3.2,4.7,0.677,0.667,0.9,1.3,0.679,2,3.7,5.7,0.8,0.4,0.7,0.8,1.5,7.2
62,Tony Bradley,C,23,PHI,20,8,14.4,2.6,3.8,0.68,0,0.1,0,2.6,3.7,0.689,0.68,0.4,0.6,0.636,2,3.3,5.2,0.9,0.3,0.7,0.3,1.4,5.5
62,Tony Bradley,C,23,OKC,20,0,18.3,3.8,5.7,0.658,0,0.1,0,3.8,5.6,0.67,0.658,1.5,2.1,0.69,2.1,4.1,6.2,0.8,0.5,0.8,1.3,1.5,9
63,Jarrell Brantley,PF,24,UTA,26,0,4.9,0.9,1.9,0.49,0.5,1,0.444,0.5,0.8,0.545,0.612,0.1,0.1,1,0.3,0.7,1,0.5,0.2,0.1,0.2,0.7,2.4
64,Ignas Brazdeikis,SF,22,TOT,10,0,15.7,1.9,4.8,0.396,0.5,1.1,0.455,1.4,3.7,0.378,0.448,0.9,1.2,0.75,0.8,1.9,2.7,1,0.3,0,0.8,1.7,5.2
64,Ignas Brazdeikis,SF,22,NYK,4,0,1.8,0,0.3,0,0,0,,0,0.3,0,0,0.5,0.5,1,0.3,0.3,0.5,0.3,0,0,0.3,0,0.5
64,Ignas Brazdeikis,SF,22,PHI,1,0,8,0,3,0,0,1,0,0,2,0,0,0,0,,0,2,2,0,0,0,0,0,0
64,Ignas Brazdeikis,SF,22,ORL,5,0,28.4,3.8,8.8,0.432,1,2,0.5,2.8,6.8,0.412,0.489,1.4,2,0.7,1.4,3.2,4.6,1.8,0.6,0,1.4,3.4,10
65,Mikal Bridges,SF,24,PHO,69,69,33,5,9.4,0.535,1.9,4.4,0.418,3.2,5,0.64,0.634,1.5,1.8,0.829,1.1,3.2,4.2,2.2,1,0.9,0.8,1.6,13.4
66,Miles Bridges,PF,22,CHO,64,18,29,4.6,9.1,0.506,1.7,4.2,0.405,2.9,4.9,0.592,0.599,1.5,1.7,0.862,1.2,4.8,6.1,2.2,0.7,0.8,1.6,2.1,12.4
67,Amida Brimah,C,26,IND,5,0,5.8,1,1.6,0.625,0,0,,1,1.6,0.625,0.625,0.6,0.6,1,0.4,1.2,1.6,0.2,0,1,0.8,0.8,2.6
68,Oshae Brissett,SF,22,IND,18,13,23.6,3.1,6.4,0.483,1.3,3.2,0.397,1.8,3.2,0.569,0.582,2.2,2.8,0.78,1.4,4,5.4,0.7,0.9,1.1,0.6,1.3,9.7
69,Malcolm Brogdon,PG,28,IND,56,56,34.5,7.9,17.5,0.453,2.6,6.7,0.388,5.3,10.8,0.493,0.527,2.7,3.2,0.864,1,4.2,5.3,5.9,0.9,0.3,2.1,2,21.2
70,Armoni Brooks,SG,22,HOU,18,5,25.1,3.7,9,0.407,2.8,7.3,0.386,0.8,1.7,0.5,0.565,0.4,0.7,0.583,0.6,2.8,3.4,1.5,0.6,0.3,1.2,1.6,10.6
71,Dillon Brooks,SF,25,MEM,65,65,29.7,6.4,15.2,0.418,1.9,5.6,0.343,4.4,9.7,0.46,0.48,2.4,2.9,0.823,0.8,2.1,2.9,2.3,1.2,0.4,1.8,3.5,17
72,Bruce Brown,PG,24,BRK,63,35,22.2,3.5,6.4,0.551,0.3,0.9,0.293,3.3,5.5,0.594,0.572,1.3,1.8,0.739,1.7,3.6,5.3,1.5,0.9,0.4,0.8,2.3,8.7
73,Charlie Brown,SG,23,OKC,7,1,14.1,1.4,4.4,0.323,0.7,2.3,0.313,0.7,2.1,0.333,0.403,0.3,0.3,1,0.1,1.3,1.4,1,0.6,0.1,0.7,1.7,3.9
74,Jaylen Brown,SG,24,BOS,58,58,34.5,9.3,19.2,0.484,2.8,7.1,0.397,6.5,12.1,0.536,0.558,3.3,4.3,0.764,1.2,4.8,6,3.4,1.2,0.6,2.7,2.9,24.7
75,Moses Brown,C,21,OKC,41,30,21,3.2,6,0.539,0,0,,3.2,6,0.539,0.539,1.9,3,0.621,3.5,5.2,8.7,0.2,0.7,1,1,2.1,8.3
76,Sterling Brown,SG,25,HOU,51,14,24.1,2.9,6.6,0.448,1.8,4.2,0.423,1.2,2.4,0.492,0.584,0.5,0.6,0.806,0.7,3.6,4.4,1.4,0.7,0.2,0.8,1.9,8.2
77,Troy Brown Jr.,SF,21,TOT,34,0,15.4,1.8,4.2,0.431,0.6,2.1,0.314,1.2,2.2,0.541,0.507,0.4,0.6,0.714,0.6,2.5,3.1,0.9,0.3,0.2,0.6,1.4,4.7
77,Troy Brown Jr.,SF,21,WAS,21,0,13.7,1.6,4.2,0.371,0.7,2.2,0.304,0.9,2,0.442,0.449,0.5,0.7,0.667,0.5,2.4,2.9,0.9,0.1,0.2,0.8,1.4,4.3
77,Troy Brown Jr.,SF,21,CHI,13,0,18.2,2.2,4.2,0.527,0.6,1.8,0.333,1.6,2.4,0.677,0.6,0.4,0.5,0.833,0.7,2.7,3.4,0.8,0.5,0.2,0.4,1.5,5.5
78,Jalen Brunson,PG,24,DAL,66,12,24.9,4.8,9.2,0.52,1.2,2.9,0.396,3.6,6.2,0.578,0.583,1.8,2.3,0.793,0.4,3,3.4,3.5,0.5,0,1.2,1.6,12.5
79,Thomas Bryant,C,23,WAS,10,10,27.1,5.9,9.1,0.648,0.9,2.1,0.429,5,7,0.714,0.698,1.6,2.4,0.667,1.8,4.3,6.1,1.5,0.4,0.8,1.1,3.1,14.3
80,Reggie Bullock,SF,29,NYK,62,61,29.6,3.8,8.6,0.439,2.5,6,0.406,1.3,2.5,0.516,0.582,0.8,0.9,0.909,0.2,3.1,3.4,1.5,0.8,0.2,0.7,2.3,10.8
81,Trey Burke,PG,28,DAL,60,1,14.8,2.5,5.7,0.429,1,2.7,0.358,1.5,3.1,0.489,0.512,0.9,1,0.895,0.2,0.7,0.9,1.3,0.6,0.1,0.5,1.1,6.7
82,Alec Burks,SG,29,NYK,46,5,25.3,4.1,10,0.41,2,4.8,0.405,2.1,5.1,0.415,0.509,2.1,2.5,0.85,0.4,4,4.4,2.2,0.7,0.3,1,2,12.2
83,Jimmy Butler,SF,31,MIA,51,51,33.6,7.1,14.2,0.496,0.4,1.9,0.214,6.6,12.3,0.54,0.51,6.9,8.1,0.861,1.8,5.1,6.9,7.2,2.1,0.4,2.1,1.4,21.5
84,Bruno Caboclo,PF,25,HOU,6,0,6,1.3,2.8,0.471,0,0.8,0,1.3,2,0.667,0.471,0.2,0.3,0.5,0.5,1.8,2.3,0.2,0,0.3,0.7,1,2.8
85,Devontae Cacok,PF,24,LAL,20,1,4.9,0.9,1.5,0.586,0,0,,0.9,1.5,0.586,0.586,0.3,0.6,0.455,0.6,1,1.6,0.1,0.3,0.2,0.3,0.4,2
86,Kentavious Caldwell-Pope,SG,27,LAL,65,65,28.4,3.2,7.5,0.427,1.8,4.3,0.409,1.4,3.2,0.45,0.544,1.5,1.7,0.866,0.4,2.3,2.7,1.8,0.9,0.4,1,1.7,9.7
87,Facundo Campazzo,PG,29,DEN,63,17,21.9,1.9,4.8,0.388,1.2,3.3,0.36,0.7,1.5,0.452,0.513,1.2,1.4,0.874,0.3,1.7,2,3.5,1.2,0.2,1.1,2.1,6.2
88,Vlatko Čančar,PF,23,DEN,38,0,5.6,0.6,1.3,0.412,0.2,0.7,0.231,0.4,0.7,0.6,0.471,0.2,0.3,0.8,0.2,0.8,1.1,0.3,0.2,0.1,0.3,0.4,1.5
89,Devin Cannady,PG,24,ORL,8,0,9.3,1.4,3.5,0.393,0.8,2,0.375,0.6,1.5,0.417,0.5,0.8,0.9,0.857,0,0.6,0.6,0.1,0.6,0.1,0.3,1.1,4.3
90,Clint Capela,C,26,ATL,62,62,30.2,6.6,11,0.596,0,0,,6.6,11,0.596,0.596,2,3.6,0.57,4.7,9.6,14.3,0.8,0.7,2.1,1.2,2.3,15.2
91,Vernon Carey Jr.,C,19,CHO,18,4,6.2,1,1.9,0.514,0.1,0.4,0.143,0.9,1.6,0.607,0.529,0.4,0.5,0.889,0.3,1.1,1.4,0.1,0.1,0.2,0.3,0.7,2.5
92,Jevon Carter,PG,25,PHO,57,0,11.4,1.4,3.4,0.423,0.9,2.4,0.381,0.5,1,0.527,0.559,0.1,0.1,0.5,0.2,1.2,1.4,1.1,0.5,0.2,0.2,1,3.9
93,Wendell Carter Jr.,C,21,TOT,52,42,25.5,4.3,8.5,0.511,0.3,0.9,0.306,4.1,7.6,0.537,0.528,2.4,3.3,0.734,2.3,5.8,8.2,2,0.7,0.8,1.5,2.7,11.4
93,Wendell Carter Jr.,C,21,CHI,32,25,24.8,4,7.9,0.512,0.3,0.7,0.364,3.8,7.2,0.526,0.528,2.6,3.5,0.739,2.2,5.6,7.8,2.2,0.6,0.8,1.5,3,10.9
93,Wendell Carter Jr.,C,21,ORL,20,17,26.8,4.9,9.5,0.511,0.4,1.4,0.259,4.5,8.2,0.552,0.529,2.3,3.1,0.726,2.6,6.1,8.7,1.7,0.8,0.8,1.4,2.3,12.3
94,Michael Carter-Williams,SG,29,ORL,31,25,25.8,3.4,8.7,0.389,0.5,2,0.246,2.9,6.7,0.431,0.417,1.6,2.6,0.613,1.3,3.2,4.5,4.2,0.8,0.5,2.2,2.6,8.8
95,Alex Caruso,PG,26,LAL,57,6,21,2.3,5.2,0.434,0.9,2.3,0.406,1.3,2.9,0.457,0.525,0.9,1.3,0.645,0.5,2.4,2.9,2.7,1.1,0.2,1.3,1.9,6.3
96,Willie Cauley-Stein,C,27,DAL,51,16,17.3,2.3,3.5,0.635,0,0.2,0.091,2.2,3.3,0.671,0.638,1,1.5,0.628,1.3,3.3,4.5,0.7,0.4,0.8,0.5,2.4,5.5
97,Chris Chiozza,PG,25,BRK,22,1,10.5,1.4,4,0.352,0.6,1.9,0.31,0.8,2.1,0.391,0.426,0.6,0.8,0.765,0.1,1,1.1,3,0.3,0.3,0.7,0.9,4
98,Marquese Chriss,PF,23,GSW,2,0,13.5,2.5,7,0.357,0.5,2.5,0.2,2,4.5,0.444,0.393,1,2,0.5,1.5,5,6.5,1,0,1,1,1.5,6.5
99,Gary Clark,SF,26,TOT,37,11,17.3,1.1,3.5,0.305,0.8,2.9,0.287,0.2,0.6,0.391,0.424,0.2,0.3,0.8,0.9,2.2,3.1,0.8,0.3,0.2,0.5,0.9,3.2
99,Gary Clark,SF,26,ORL,35,11,18.2,1.1,3.7,0.305,0.9,3.1,0.287,0.3,0.7,0.391,0.424,0.2,0.3,0.8,0.9,2.3,3.2,0.9,0.3,0.2,0.5,1,3.4
99,Gary Clark,SF,26,DEN,2,0,2,0,0,,0,0,,0,0,,,0,0,,0,0.5,0.5,0,0,0,0,0,0
100,Brandon Clarke,PF,24,MEM,57,16,24.2,4.4,8.5,0.517,0.4,1.3,0.267,4,7.2,0.562,0.537,1.3,1.9,0.685,1.6,4,5.6,1.6,1,0.9,0.6,1.4,10.5
101,Jordan Clarkson,SG,28,UTA,66,1,26.7,6.7,15.7,0.423,3,8.7,0.343,3.7,7,0.524,0.519,1.9,2.1,0.892,0.7,3.4,4.1,2.5,0.9,0.2,1.7,1.6,18.2
102,Nicolas Claxton,C,21,BRK,30,1,18.2,2.8,4.6,0.613,0,0.2,0.2,2.8,4.4,0.629,0.617,1,2,0.483,1.3,3.8,5.1,0.9,0.8,1.2,0.6,2.1,6.6
103,Amir Coffey,SG,23,LAC,44,1,9,1,2.3,0.437,0.5,1.3,0.411,0.5,1.1,0.468,0.549,0.6,0.9,0.711,0.2,0.8,1,0.5,0.2,0,0.3,0.7,3.2
104,John Collins,PF,23,ATL,61,61,29.7,6.9,12.4,0.556,1.3,3.3,0.388,5.6,9.1,0.617,0.608,2.7,3.3,0.83,1.9,5.6,7.5,1.3,0.6,1,1.4,3.1,17.8
105,Mike Conley,PG,33,UTA,49,49,29.8,5.7,12.7,0.446,2.7,6.7,0.407,2.9,6,0.49,0.554,2.4,2.8,0.853,0.7,2.7,3.4,6,1.4,0.2,2,1.9,16.4
106,Pat Connaughton,SG,28,MIL,66,3,22.9,2.4,5.6,0.436,1.5,3.9,0.376,1,1.7,0.577,0.568,0.4,0.6,0.757,0.9,3.9,4.9,1.2,0.7,0.3,0.5,1.5,6.8
107,Quinn Cook,PG,27,TOT,23,0,6.8,1.3,3,0.426,0.5,1.1,0.423,0.8,1.8,0.429,0.507,0.3,0.3,0.875,0.1,0.7,0.7,0.8,0.2,0,0.3,0.4,3.3
107,Quinn Cook,PG,27,LAL,16,0,3.9,0.8,1.6,0.462,0.3,0.8,0.385,0.4,0.8,0.538,0.558,0.3,0.3,0.8,0,0.3,0.3,0.3,0.1,0.1,0.2,0.1,2.1
107,Quinn Cook,PG,27,CLE,7,0,13.6,2.4,6,0.405,0.9,1.9,0.462,1.6,4.1,0.379,0.476,0.4,0.4,1,0.3,1.4,1.7,1.9,0.4,0,0.6,1.1,6.1
108,Tyler Cook,SF-PF,23,TOT,30,1,12.3,1.9,2.9,0.644,0,0.1,0.5,1.8,2.8,0.647,0.649,0.5,1,0.452,0.8,1.9,2.7,0.5,0.3,0,0.6,1.1,4.2
108,Tyler Cook,PF,23,BRK,4,0,4.3,0.3,0.8,0.333,0,0,,0.3,0.8,0.333,0.333,0,0,,0.3,0.3,0.5,0.5,0,0,0.3,0.5,0.5
108,Tyler Cook,SF,23,DET,26,1,13.5,2.1,3.2,0.655,0,0.1,0.5,2.1,3.2,0.659,0.661,0.5,1.2,0.452,0.8,2.2,3,0.5,0.3,0,0.7,1.2,4.8
109,DeMarcus Cousins,C,30,TOT,39,11,17.7,3.2,7.6,0.417,1.2,3.5,0.348,1.9,4.1,0.475,0.497,1.5,2.1,0.725,1.3,5.3,6.6,1.9,0.8,0.6,1.6,2.6,9
109,DeMarcus Cousins,C,30,HOU,25,11,20.2,3.2,8.4,0.376,1.6,4.6,0.336,1.6,3.8,0.426,0.469,1.8,2.4,0.746,1.2,6.4,7.6,2.4,0.8,0.7,1.6,3,9.6
109,DeMarcus Cousins,C,30,LAC,14,0,13.1,3.1,6.1,0.518,0.6,1.4,0.421,2.6,4.7,0.545,0.565,1,1.5,0.667,1.5,3.1,4.6,1,0.6,0.4,1.6,1.9,7.9
110,Robert Covington,PF,30,POR,68,68,32,2.9,7.3,0.401,1.9,5.1,0.381,1,2.2,0.447,0.533,0.7,0.8,0.825,0.9,5.8,6.7,1.7,1.4,1.2,0.9,2.8,8.4
111,Torrey Craig,SF,30,TOT,47,8,15.7,2,4.4,0.466,0.7,2.1,0.361,1.3,2.3,0.56,0.551,0.3,0.4,0.75,1.1,2.7,3.9,0.9,0.5,0.5,0.5,1.6,5.1
111,Torrey Craig,SF,30,MIL,18,0,11.2,1,2.6,0.391,0.4,1.2,0.364,0.6,1.3,0.417,0.478,0.1,0.1,0.5,0.7,1.7,2.4,0.9,0.5,0.4,0.3,1.3,2.5
111,Torrey Craig,SF,30,PHO,29,8,18.6,2.7,5.5,0.488,0.9,2.6,0.36,1.8,2.9,0.6,0.572,0.5,0.6,0.778,1.3,3.4,4.8,0.9,0.6,0.6,0.7,1.7,6.8
112,Jae Crowder,PF,30,PHO,58,40,27.4,3.3,8.2,0.407,2.5,6.4,0.392,0.8,1.8,0.458,0.559,1,1.3,0.76,0.5,4.2,4.7,2.1,0.8,0.4,0.9,2.1,10.2
113,Jarrett Culver,SG,21,MIN,34,7,14.7,2,4.9,0.411,0.4,1.6,0.245,1.6,3.4,0.487,0.449,0.9,1.4,0.604,1,2.1,3.1,0.7,0.5,0.3,0.8,1.7,5.3
114,Seth Curry,SG,30,PHI,55,55,28.9,4.5,9.8,0.462,2.2,4.9,0.443,2.3,4.8,0.481,0.574,1.2,1.4,0.893,0.2,2.2,2.4,2.8,0.8,0.1,1.1,1.7,12.4
115,Stephen Curry,PG,32,GSW,62,62,34.1,10.4,21.4,0.483,5.3,12.6,0.421,5.1,8.9,0.571,0.606,5.8,6.3,0.918,0.5,5,5.5,5.7,1.2,0.1,3.3,1.9,31.8
116,Nate Darling,SG,22,CHO,7,0,3.7,0.3,1,0.286,0.3,1,0.286,0,0,,0.429,0.4,0.4,1,0.1,0,0.1,0.1,0,0.1,0.1,0.1,1.3
117,Anthony Davis,PF,27,LAL,34,34,32.2,8.4,17.1,0.492,0.7,2.7,0.269,7.7,14.4,0.535,0.514,4.3,5.8,0.732,1.8,6.2,8,3.1,1.2,1.7,2.1,1.7,21.9
118,Ed Davis,C,31,MIN,23,7,13,0.8,1.9,0.432,0,0,,0.8,1.9,0.432,0.432,0.4,0.5,0.833,2,3,5,0.9,0.6,0.6,0.3,2.4,2.1
119,Terence Davis,SG,23,TOT,58,4,17,3.1,7.1,0.436,1.6,4.2,0.372,1.5,2.9,0.527,0.545,0.7,0.8,0.837,0.3,2.1,2.4,1.3,0.7,0.2,1,1.5,8.4
119,Terence Davis,SG,23,TOR,34,4,14.5,2.6,6.2,0.414,1.3,3.6,0.361,1.3,2.6,0.489,0.519,0.5,0.5,0.889,0.3,1.7,1.9,1.1,0.5,0.2,0.9,1.4,6.9
119,Terence Davis,SG,23,SAC,24,0,20.5,3.8,8.4,0.458,1.9,5,0.383,1.9,3.4,0.568,0.572,1,1.3,0.806,0.3,2.7,3,1.7,0.9,0.3,1.3,1.6,10.6
120,Gabriel Deck,PF,25,OKC,8,0,20.9,2.9,6.8,0.426,0.1,1.6,0.077,2.8,5.1,0.537,0.435,1.6,2.1,0.765,1.8,2.4,4.1,2.5,1,0,0.4,1,7.5
121,Dewayne Dedmon,C,31,MIA,14,0,13.5,3,4.1,0.737,0,0.3,0,3,3.8,0.792,0.737,1.4,1.8,0.76,1.7,3.8,5.5,0.9,0.6,0.4,0.8,2,7.4
122,Matthew Dellavedova,PG,30,CLE,13,1,17.2,1.1,4.3,0.25,0.3,1.9,0.16,0.8,2.4,0.323,0.286,0.3,0.3,1,0.5,1.4,1.8,4.5,0.3,0.1,0.5,1.6,2.8
123,DeMar DeRozan,PF,31,SAS,59,59,33.8,7.4,15.1,0.492,0.3,1.2,0.247,7.1,13.8,0.514,0.502,6.3,7.2,0.882,0.7,3.5,4.2,7,0.9,0.3,1.9,2.1,21.5
124,Mamadi Diakite,PF,24,MIL,12,0,8.5,1,2.4,0.414,0.1,0.6,0.143,0.9,1.8,0.5,0.431,0.5,0.5,1,0.5,1.8,2.3,0.5,0.3,0.4,0.3,1,2.6
125,Hamidou Diallo,SG-SF,22,TOT,50,7,23.2,4.2,8.9,0.477,0.5,1.5,0.365,3.7,7.4,0.5,0.508,2.4,3.8,0.638,1.2,3.9,5.1,1.9,0.8,0.4,1.4,2.5,11.4
125,Hamidou Diallo,SG,22,OKC,32,5,23.8,4.5,9.3,0.481,0.4,1.3,0.293,4.1,8,0.512,0.502,2.6,4.1,0.629,1.2,4,5.2,2.4,1,0.4,1.5,2.6,11.9
125,Hamidou Diallo,SF,22,DET,18,2,22.2,3.8,8.2,0.469,0.8,1.8,0.455,3,6.3,0.474,0.52,2.1,3.1,0.661,1.2,3.8,5,1.1,0.5,0.6,1.3,2.4,10.6
126,Gorgui Dieng,C,31,TOT,36,1,14.4,2.1,4.1,0.503,0.8,1.8,0.424,1.3,2.3,0.566,0.597,1.5,1.8,0.859,1,2.6,3.6,1.3,0.7,0.4,0.8,1.5,6.5
126,Gorgui Dieng,C,31,MEM,22,1,16.9,2.5,4.9,0.519,1,2.2,0.479,1.5,2.7,0.55,0.625,1.7,2,0.884,1.3,3.2,4.5,1.3,0.8,0.6,1,1.7,7.9
126,Gorgui Dieng,C,31,SAS,14,0,10.5,1.4,2.9,0.463,0.4,1.3,0.278,1,1.6,0.609,0.524,1.2,1.5,0.81,0.6,1.6,2.3,1.1,0.6,0.1,0.6,1.1,4.3
127,Spencer Dinwiddie,SG,27,BRK,3,3,21.3,2,5.3,0.375,0.7,2.3,0.286,1.3,3,0.444,0.438,2,2,1,0,4.3,4.3,3,0.7,0.3,1.7,1.3,6.7
128,Donte DiVincenzo,SG,24,MIL,64,64,27.4,3.9,9.2,0.422,2,5.2,0.378,1.9,4,0.478,0.529,0.7,1,0.723,1.3,4.4,5.7,3.1,1.1,0.2,1.4,1.7,10.5
129,Luka Dončić,PG,21,DAL,64,64,34.5,9.9,20.6,0.481,3,8.3,0.355,7,12.3,0.566,0.552,5.2,7.2,0.727,0.8,7.2,8,8.6,1,0.5,4.3,2.3,28
130,Luguentz Dort,SG,21,OKC,52,52,29.7,4.8,12.3,0.387,2.2,6.3,0.343,2.6,6,0.432,0.475,2.3,3.2,0.744,0.7,2.9,3.6,1.7,0.9,0.4,1.5,2.6,14
131,Damyean Dotson,SG,26,CLE,45,7,19.5,2.5,6.3,0.394,1,3.4,0.279,1.5,2.9,0.531,0.47,0.5,0.8,0.667,0.1,1.9,2,2,0.4,0.1,0.8,0.9,6.5
132,Devon Dotson,PG,21,CHI,9,0,2.9,0.7,1.1,0.6,0,0.1,0,0.7,1,0.667,0.6,0,0,,0.2,0.1,0.3,0.3,0.3,0,0,0.1,1.3
133,Sekou Doumbouya,PF,20,DET,56,11,15.5,1.9,5,0.379,0.5,2.1,0.226,1.4,3,0.485,0.426,0.8,1.1,0.703,0.7,1.9,2.6,0.8,0.4,0.2,0.8,1.7,5.1
134,PJ Dozier,SG,24,DEN,50,6,21.8,3,7.1,0.417,0.9,3,0.315,2,4.1,0.49,0.483,0.8,1.3,0.636,0.7,2.9,3.6,1.8,0.6,0.4,0.9,1.7,7.7
135,Goran Dragić,PG,34,MIA,48,11,26.8,4.8,11,0.435,1.8,4.8,0.371,3,6.2,0.483,0.515,2,2.5,0.822,0.5,2.9,3.4,4.4,0.7,0.2,2.3,2.3,13.3
136,Andre Drummond,C,27,TOT,44,44,27.1,6.2,12.5,0.493,0,0.2,0,6.2,12.4,0.5,0.493,2.7,4.5,0.604,3.6,8.3,11.9,2.1,1.4,1,2.8,3.3,15.1
136,Andre Drummond,C,27,CLE,25,25,28.9,7.2,15.2,0.474,0,0.3,0,7.2,14.9,0.484,0.474,3.1,5.2,0.597,4,9.4,13.5,2.6,1.6,1.2,3.2,2.8,17.5
136,Andre Drummond,C,27,LAL,19,19,24.7,4.8,9.1,0.535,0,0,,4.8,9.1,0.535,0.535,2.2,3.6,0.618,2.9,6.8,9.8,1.6,1.1,0.8,2.1,3.9,11.9
137,Jared Dudley,PF,35,LAL,11,0,6.9,0.2,0.6,0.286,0.2,0.5,0.4,0,0.2,0,0.429,0,0,,0.4,1.4,1.7,0.5,0.1,0.1,0.2,0.6,0.5
138,Kris Dunn,PG,26,ATL,4,0,11.3,0.3,3,0.083,0,0.5,0,0.3,2.5,0.1,0.083,0.8,1,0.75,0,1.5,1.5,0.5,0.5,0.5,0.8,2.5,1.3
139,Kevin Durant,PF,32,BRK,33,30,33.3,9.5,17.5,0.542,2.5,5.5,0.459,6.9,12,0.58,0.614,6.1,6.9,0.882,0.4,6.6,7,5.3,0.8,1.4,3.4,2,27.5
140,Anthony Edwards,SG,19,MIN,69,52,31.9,6.9,16.8,0.414,2.3,7.1,0.327,4.6,9.6,0.48,0.484,2.8,3.6,0.767,0.8,3.9,4.7,2.8,1.1,0.5,2.3,1.8,19
141,Carsen Edwards,SG,22,BOS,30,1,8.3,1.4,3.3,0.439,0.5,1.8,0.291,0.9,1.4,0.628,0.52,0.4,0.4,0.846,0.1,0.7,0.8,0.5,0.2,0,0.2,0.8,3.8
142,CJ Elleby,SF,20,POR,29,0,6.4,0.8,2.2,0.381,0.2,1.1,0.219,0.6,1.1,0.548,0.437,0.4,0.5,0.733,0.4,0.7,1.1,0.3,0.2,0.1,0.2,0.9,2.3
143,Henry Ellenson,PF,24,TOR,2,0,19,2.5,7,0.357,1,4.5,0.222,1.5,2.5,0.6,0.429,1.5,2,0.75,1.5,4.5,6,2.5,0,0,0,3.5,7.5
144,Wayne Ellington,SG,33,DET,46,31,22,3.2,7.3,0.441,2.5,6,0.422,0.7,1.4,0.524,0.612,0.6,0.8,0.8,0.3,1.6,1.8,1.5,0.4,0.2,0.7,1.3,9.6
145,Joel Embiid,C,26,PHI,49,49,31.4,9.3,18,0.516,1.2,3.1,0.377,8.1,14.9,0.545,0.549,9.5,11,0.86,2.3,8.4,10.7,2.9,1,1.4,3.1,2.4,29.2
146,James Ennis,SF,30,ORL,41,37,24,2.8,5.9,0.473,1.1,2.5,0.433,1.7,3.4,0.504,0.566,1.7,2.1,0.805,1,3,4,1.5,0.8,0.2,0.9,2,8.4
147,Drew Eubanks,C,23,SAS,51,2,13.9,2.1,3.7,0.567,0,0,1,2,3.6,0.562,0.572,1.4,1.9,0.714,1.3,3,4.3,0.8,0.3,0.9,0.8,1.6,5.6
148,Dante Exum,SG,25,CLE,6,3,19.3,1.7,4.3,0.385,0.3,1.8,0.182,1.3,2.5,0.533,0.423,0.2,0.3,0.5,0.3,2.5,2.8,2.2,0.7,0.3,1.2,1.5,3.8
149,Tacko Fall,C,25,BOS,17,0,6.6,1.2,1.6,0.741,0,0,,1.2,1.6,0.741,0.741,0.2,0.8,0.308,0.7,1.8,2.5,0.1,0.1,1,0.2,1.1,2.6
150,Derrick Favors,C,29,UTA,66,0,15.3,2.2,3.5,0.629,0,0,0,2.2,3.5,0.635,0.629,0.9,1.2,0.738,2,3.4,5.5,0.7,0.5,1,0.5,2.1,5.3
151,Cristiano Felício,C,28,CHI,16,0,3.9,0.3,0.4,0.571,0,0.1,0,0.3,0.4,0.667,0.571,0.4,0.6,0.6,0.4,0.5,0.9,0.6,0.1,0,0.3,0.5,0.9
152,Terrance Ferguson,SG,22,PHI,13,0,3.8,0.1,0.5,0.143,0,0.4,0,0.1,0.2,0.5,0.143,0,0,,0,0.1,0.1,0.2,0.1,0,0.3,0.5,0.2
153,Bruno Fernando,C,22,ATL,31,0,6.5,0.5,1.1,0.412,0,0.1,0,0.5,1,0.438,0.412,0.4,0.6,0.65,0.5,1.7,2.2,0.3,0.1,0.1,0.7,0.7,1.3
154,Yogi Ferrell,PG,27,TOT,7,0,10.9,1.7,4.9,0.353,0.9,2.3,0.375,0.9,2.6,0.333,0.441,0.4,0.7,0.6,0.4,0.7,1.1,2.3,0.6,0.1,0.4,0.7,4.7
154,Yogi Ferrell,PG,27,CLE,2,0,20,4,10.5,0.381,1.5,4.5,0.333,2.5,6,0.417,0.452,0,1,0,1.5,2,3.5,2.5,1.5,0.5,1.5,2,9.5
154,Yogi Ferrell,PG,27,LAC,5,0,7.2,0.8,2.6,0.308,0.6,1.4,0.429,0.2,1.2,0.167,0.423,0.6,0.6,1,0,0.2,0.2,2.2,0.2,0,0,0.2,2.8
155,Dorian Finney-Smith,PF,27,DAL,58,58,32.1,3.6,7.7,0.463,1.9,5,0.385,1.7,2.7,0.608,0.588,0.5,0.7,0.769,1.7,3.8,5.5,1.7,0.9,0.4,0.8,2.3,9.6
156,Malik Fitts,PF,23,LAC,3,0,3.7,0.3,1,0.333,0.3,0.7,0.5,0,0.3,0,0.5,0,0,,0,1,1,0,0,0,0,1,1
157,Malachi Flynn,PG,22,TOR,44,11,18.3,2.3,6.3,0.371,1,3.1,0.321,1.3,3.2,0.418,0.45,0.8,1,0.81,0.2,2.1,2.3,2.7,0.8,0.1,0.9,1.4,6.5
158,Bryn Forbes,SG,27,MIL,68,10,19.4,3.6,7.6,0.471,2.2,4.9,0.45,1.4,2.7,0.508,0.616,0.7,0.9,0.776,0.2,1.5,1.6,0.6,0.4,0,0.6,1.1,10
159,Trent Forrest,PG,22,UTA,28,0,9.9,1,2.3,0.438,0.1,0.9,0.167,0.9,1.4,0.6,0.469,0.7,0.7,1,0.3,1.1,1.4,1.5,0.3,0.1,0.7,0.8,2.8
160,Evan Fournier,SF-SG,28,TOT,41,35,30.1,5.9,12.9,0.455,2.7,6.7,0.407,3.1,6.2,0.506,0.56,2.6,3.3,0.793,0.2,2.9,3.1,3.4,1.1,0.5,1.7,2.3,17.1
160,Evan Fournier,SF,28,ORL,26,26,30.3,6.5,14.2,0.461,2.8,7.2,0.388,3.7,7,0.536,0.56,3.8,4.7,0.797,0.2,2.7,2.9,3.7,1,0.3,2.1,2.1,19.7
160,Evan Fournier,SG,28,BOS,15,9,29.9,4.7,10.7,0.441,2.6,5.8,0.448,2.1,4.9,0.432,0.562,0.6,0.8,0.75,0.3,3.1,3.5,2.9,1.3,0.7,1.1,2.6,12.7
161,De'Aaron Fox,PG,23,SAC,58,58,35.1,9.1,19.1,0.477,1.8,5.5,0.322,7.3,13.6,0.539,0.523,5.2,7.2,0.719,0.6,2.9,3.5,7.2,1.5,0.5,3,2.9,25.2
162,Robert Franks,PF,24,ORL,7,0,14.4,1.9,4,0.464,0.7,2.1,0.333,1.1,1.9,0.615,0.554,1.7,1.9,0.923,0.9,1.1,2,0.7,0.4,0.4,0.3,1.1,6.1
163,Tim Frazier,PG,30,MEM,4,0,9.5,0.5,2.3,0.222,0,0.8,0,0.5,1.5,0.333,0.222,0,0,,0,1.3,1.3,2.3,0.3,0.3,0.8,1,1
164,Markelle Fultz,PG,22,ORL,8,8,26.9,5.1,13,0.394,0.5,2,0.25,4.6,11,0.42,0.413,2.1,2.4,0.895,0.6,2.5,3.1,5.4,1,0.3,2.3,2.3,12.9
165,Wenyen Gabriel,PF,23,NOP,19,0,10,0.9,2.4,0.4,0.5,1.2,0.435,0.4,1.2,0.364,0.511,0.4,0.7,0.615,0.8,1.5,2.3,0.5,0.4,0.3,0.7,1.3,2.8
166,Daniel Gafford,PF-C,22,TOT,52,11,14.5,2.8,4.1,0.692,0,0,,2.8,4.1,0.692,0.692,1.2,1.9,0.64,1.7,2.5,4.3,0.6,0.5,1.4,0.7,1.8,6.9
166,Daniel Gafford,PF,22,CHI,31,11,12.4,1.9,2.8,0.69,0,0,,1.9,2.8,0.69,0.69,0.9,1.3,0.659,1.4,1.9,3.3,0.5,0.4,1.1,0.7,1.7,4.7
166,Daniel Gafford,C,22,WAS,21,0,17.7,4.2,6,0.693,0,0,,4.2,6,0.693,0.693,1.8,2.8,0.627,2.2,3.4,5.6,0.6,0.7,1.8,0.7,1.9,10.1
167,Danilo Gallinari,PF,32,ATL,50,4,24,4.1,9.3,0.437,2,5,0.408,2,4.3,0.47,0.546,3.2,3.4,0.924,0.3,3.8,4.1,1.5,0.6,0.2,0.9,2.1,13.3
168,Langston Galloway,SG,29,PHO,38,0,10.4,1.6,3.3,0.465,0.9,1.9,0.446,0.7,1.4,0.491,0.594,0.5,0.5,0.95,0.1,0.9,1,0.6,0.2,0,0.3,0.6,4.5
169,Darius Garland,PG,21,CLE,53,50,33.5,6.8,15.1,0.452,2,5,0.394,4.8,10.1,0.48,0.517,2.1,2.5,0.848,0.4,2,2.4,6.2,1.2,0.1,3.1,2.1,17.7
170,Marc Gasol,C,36,LAL,51,42,18.9,1.7,3.7,0.458,1,2.3,0.412,0.7,1.4,0.535,0.587,0.7,1,0.72,0.7,3.4,4.1,2.1,0.5,1.1,1,2.2,5.1
171,Rudy Gay,PF,34,SAS,61,1,21.6,4.2,10,0.424,1.7,4.4,0.384,2.5,5.6,0.455,0.508,1.3,1.6,0.794,0.7,4.1,4.8,1.4,0.7,0.6,1.1,1.9,11.4
172,Paul George,SF,30,LAC,53,53,33.7,8.3,17.6,0.469,3.1,7.6,0.412,5.1,10,0.512,0.558,3.7,4.2,0.876,0.8,5.7,6.6,5.2,1.2,0.5,3.3,2.5,23.4
173,Taj Gibson,PF,35,NYK,42,3,21,2.2,3.5,0.63,0.1,0.4,0.2,2.1,3.1,0.679,0.64,1,1.3,0.727,2.2,3.3,5.5,0.8,0.7,1,0.5,2.3,5.4
174,Harry Giles,C,22,POR,37,0,9.3,1.1,2.5,0.436,0.2,0.6,0.364,0.9,1.9,0.458,0.479,0.4,0.7,0.593,0.8,2.7,3.5,0.8,0.2,0.3,0.5,1.5,2.9
175,Shai Gilgeous-Alexander,SG,22,OKC,35,35,33.7,8.2,16.1,0.508,2,4.9,0.418,6.2,11.3,0.547,0.571,5.3,6.5,0.808,0.5,4.2,4.7,5.9,0.8,0.7,3,2,23.7
176,Anthony Gill,PF,28,WAS,24,4,7.9,1.2,2.3,0.5,0.3,1,0.292,0.9,1.3,0.656,0.563,0.2,0.3,0.625,0.6,1.3,1.8,0.4,0.3,0.1,0.3,1,2.8
177,Freddie Gillespie,PF,23,TOR,17,0,16.7,2.3,4.1,0.565,0,0,,2.3,4.1,0.565,0.565,1.2,1.5,0.769,2,2.4,4.4,0.4,0.5,1.1,0.5,2.1,5.8
178,Rudy Gobert,C,28,UTA,69,69,30.9,5.5,8.1,0.676,0,0,0,5.5,8.1,0.68,0.676,3.3,5.2,0.626,3.3,10.1,13.4,1.3,0.6,2.7,1.7,2.3,14.3
179,Brandon Goodwin,PG,25,ATL,46,5,13.3,1.8,4.8,0.373,0.7,2.2,0.304,1.1,2.6,0.432,0.443,0.6,0.9,0.651,0.2,1.3,1.5,2.1,0.3,0,0.8,0.9,4.8
180,Aaron Gordon,PF,25,TOT,48,48,27.9,4.7,10.1,0.462,1.2,3.6,0.337,3.5,6.5,0.53,0.522,2,3.1,0.646,1.6,4.3,5.8,3.3,0.7,0.7,2,1.8,12.5
180,Aaron Gordon,PF,25,ORL,25,25,29.4,5.1,11.7,0.437,1.7,4.5,0.375,3.4,7.2,0.475,0.509,2.6,4.2,0.629,1.6,5.1,6.6,4.2,0.6,0.8,2.7,2,14.6
180,Aaron Gordon,PF,25,DEN,23,23,26.3,4.2,8.3,0.5,0.7,2.6,0.267,3.5,5.7,0.606,0.542,1.3,1.8,0.69,1.6,3.3,4.9,2.3,0.7,0.6,1.3,1.7,10.3
181,Eric Gordon,SG,32,HOU,27,13,29.2,5.9,13.6,0.433,2.6,7.8,0.329,3.3,5.8,0.573,0.527,3.5,4.2,0.825,0.3,1.9,2.1,2.6,0.5,0.5,1.9,1.6,17.8
182,Devonte' Graham,PG,25,CHO,52,44,30.1,4.6,12.3,0.378,3.3,8.7,0.377,1.4,3.6,0.382,0.512,2.3,2.8,0.826,0.4,2.3,2.7,5.4,0.9,0.1,1.6,1.4,14.8
183,Jerami Grant,SF,26,DET,54,54,33.9,7.4,17.3,0.429,2.1,6.1,0.35,5.3,11.2,0.473,0.491,5.4,6.4,0.845,0.6,4,4.6,2.8,0.6,1.1,2,2.3,22.3
184,Danny Green,SF,33,PHI,67,67,28.3,3.3,7.9,0.41,2.5,6.3,0.402,0.7,1.6,0.44,0.57,0.4,0.6,0.784,0.8,3,3.8,1.7,1.4,0.8,1,1.8,9.5
185,Draymond Green,PF,30,GSW,62,62,31.4,2.7,6,0.445,0.5,2,0.274,2.1,4,0.53,0.491,1,1.3,0.78,0.9,6.2,7.1,8.9,1.7,0.8,3,3.1,6.9
186,JaMychal Green,PF,30,DEN,55,5,19.2,3,6.5,0.463,1.4,3.4,0.403,1.6,3.1,0.529,0.569,0.8,1,0.836,1.5,3.4,4.9,0.8,0.5,0.4,0.9,2.4,8.2
187,Javonte Green,SG-PG,27,TOT,38,2,11.1,1.2,2.3,0.517,0.2,0.7,0.32,1,1.7,0.594,0.562,0.7,0.9,0.722,0.6,1.1,1.7,0.4,0.6,0.1,0.5,1.1,3.3
187,Javonte Green,SG,27,BOS,25,2,13.8,1.6,2.8,0.549,0.3,0.9,0.318,1.3,2,0.653,0.599,0.8,1.2,0.667,0.8,1.3,2.1,0.4,0.7,0.1,0.5,1.3,4.2
187,Javonte Green,PG,27,CHI,13,0,5.8,0.5,1.4,0.389,0.1,0.2,0.333,0.5,1.2,0.4,0.417,0.5,0.5,1,0.2,0.8,1,0.3,0.4,0.2,0.4,0.6,1.6
188,Jeff Green,C,34,BRK,66,38,27.2,3.8,7.8,0.484,1.4,3.6,0.396,2.3,4.2,0.562,0.577,1.9,2.4,0.774,0.5,3.4,4,1.6,0.5,0.4,0.8,1.8,10.9
189,Josh Green,SG,20,DAL,38,5,11.3,1,2.2,0.447,0.1,0.6,0.174,0.9,1.6,0.548,0.471,0.3,0.6,0.591,0.7,1.3,2,0.7,0.4,0.1,0.4,0.9,2.4
190,Blake Griffin,PF,31,TOT,44,28,26,3.9,9,0.428,1.6,4.6,0.348,2.3,4.5,0.51,0.516,1.9,2.6,0.743,0.8,4.3,5,3.1,0.7,0.3,1.4,2.5,11.2
190,Blake Griffin,PF,31,DET,20,20,31.3,4.1,11.1,0.365,2,6.2,0.315,2.1,4.9,0.429,0.453,2.2,3.1,0.71,0.4,4.9,5.2,3.9,0.7,0.1,1.6,2.1,12.3
190,Blake Griffin,PF,31,BRK,24,8,21.6,3.7,7.3,0.509,1.3,3.2,0.403,2.4,4.1,0.592,0.597,1.7,2.1,0.784,1.1,3.8,4.8,2.5,0.7,0.5,1.2,2.8,10.4
191,Kyle Guy,PG,23,SAC,30,0,7.2,0.9,2.7,0.338,0.4,1.4,0.256,0.5,1.2,0.432,0.406,0.5,0.6,0.889,0.2,0.8,1,0.9,0.1,0,0.3,0.6,2.7
192,Rui Hachimura,PF,22,WAS,55,55,31.4,5.4,11.3,0.477,0.8,2.4,0.326,4.6,8.9,0.517,0.511,2.3,2.9,0.775,0.9,4.6,5.5,1.5,0.8,0.1,1.2,2.1,13.8
193,Ashton Hagans,PG,21,MIN,2,0,2,0,0,,0,0,,0,0,,,0,0,,0,0,0,0,0,0,0.5,0,0
194,Tyrese Haliburton,PG,20,SAC,58,20,30.1,5,10.7,0.472,2.1,5.1,0.409,2.9,5.6,0.529,0.569,0.8,1,0.857,0.7,2.3,3,5.3,1.3,0.5,1.6,1.4,13
195,Donta Hall,PF,23,ORL,10,0,12.6,1.5,2.3,0.652,0,0,,1.5,2.3,0.652,0.652,1.1,1.9,0.579,1.9,2.8,4.7,0.8,0.5,0.7,0.4,1.1,4.1
196,Josh Hall,SF,20,OKC,20,0,14.7,1,3.9,0.244,0.2,1.6,0.097,0.8,2.4,0.34,0.263,1,1.9,0.526,0.3,2.2,2.5,1.3,0.2,0.1,1.1,1.6,3.1
197,R.J. Hampton,PG-SG,19,TOT,49,1,16.9,2.6,5.9,0.436,0.5,1.6,0.291,2.1,4.2,0.49,0.476,1,1.5,0.68,0.5,2.7,3.3,1.5,0.4,0.2,1,1.2,6.6
197,R.J. Hampton,PG,19,DEN,25,0,9.3,1,2.4,0.417,0.2,0.7,0.278,0.8,1.7,0.476,0.458,0.4,0.5,0.75,0.4,1.6,2,0.6,0.2,0.1,0.4,0.9,2.6
197,R.J. Hampton,SG,19,ORL,24,1,24.8,4.2,9.5,0.441,0.8,2.5,0.295,3.4,6.9,0.494,0.48,1.8,2.6,0.667,0.7,3.9,4.6,2.5,0.7,0.3,1.5,1.6,10.8
198,Tim Hardaway Jr.,SG,28,DAL,68,29,28.5,5.9,13.1,0.449,3,7.6,0.394,2.9,5.5,0.525,0.563,2,2.5,0.808,0.3,3.1,3.4,1.7,0.4,0.1,0.9,1.6,16.8
199,James Harden,PG-SG,31,TOT,43,42,36.8,7.9,17,0.466,2.8,7.7,0.363,5.1,9.3,0.551,0.548,6.5,7.5,0.866,0.8,7.2,8,10.9,1.2,0.7,4.1,2.3,25.1
199,James Harden,SG,31,HOU,8,8,36.3,7.5,16.9,0.444,3.1,9,0.347,4.4,7.9,0.556,0.537,6.6,7.5,0.883,0.6,4.5,5.1,10.4,0.9,0.8,4.3,1.8,24.8
199,James Harden,PG,31,BRK,35,34,37,8,17,0.471,2.7,7.4,0.367,5.3,9.6,0.551,0.55,6.4,7.5,0.862,0.9,7.8,8.6,11,1.3,0.7,4.1,2.4,25.1
200,Maurice Harkless,PF-SF,27,TOT,35,21,21,1.9,4.5,0.43,0.7,2.3,0.284,1.3,2.2,0.584,0.503,0.9,1.2,0.78,0.4,2.1,2.4,1.1,0.8,0.5,0.6,2.3,5.5
200,Maurice Harkless,SF,27,MIA,11,3,11.3,0.5,1.2,0.385,0.5,1,0.455,0,0.2,0,0.577,0,0.2,0,0.2,1,1.2,0.6,0.2,0.4,0.3,1.3,1.4
200,Maurice Harkless,PF,27,SAC,24,18,25.5,2.6,6,0.434,0.8,2.9,0.257,1.9,3.1,0.6,0.497,1.3,1.6,0.821,0.5,2.5,3,1.4,1.1,0.6,0.8,2.8,7.3
201,Jared Harper,PG,23,NYK,8,0,2,0,0.5,0,0,0.1,0,0,0.4,0,0,0.4,0.5,0.75,0,0.3,0.3,0.1,0,0,0.4,0.1,0.4
202,Montrezl Harrell,C,27,LAL,68,1,23,5.5,8.8,0.623,0,0.1,0,5.5,8.6,0.634,0.623,2.6,3.7,0.706,2.3,3.9,6.2,1.1,0.7,0.7,1.1,1.8,13.6
203,Gary Harris,SG,26,TOT,36,35,28.6,3.6,9.1,0.396,1.3,3.6,0.344,2.3,5.4,0.431,0.465,1.8,2.1,0.818,0.6,1.6,2.2,2,0.8,0.3,0.9,1.9,10.2
203,Gary Harris,SG,26,DEN,19,19,30.6,3.6,8.2,0.442,1.3,3.9,0.32,2.4,4.3,0.556,0.519,1.2,1.6,0.733,0.7,1.8,2.5,1.7,0.9,0.2,0.7,1.9,9.7
203,Gary Harris,SG,26,ORL,17,16,26.4,3.5,10,0.353,1.2,3.3,0.375,2.3,6.7,0.342,0.415,2.4,2.8,0.872,0.4,1.4,1.8,2.4,0.6,0.4,1.2,1.8,10.7
204,Jalen Harris,SG,22,TOR,11,0,9.9,1.5,3.5,0.436,0.8,1.6,0.5,0.7,1.9,0.381,0.551,0.5,0.5,0.833,0.3,1.1,1.4,1.2,0.5,0,0.8,1,4.4
205,Joe Harris,SF,29,BRK,69,65,31,5.2,10.2,0.505,3.1,6.4,0.475,2.1,3.8,0.555,0.654,0.7,0.9,0.778,0.6,3,3.6,1.9,0.7,0.2,0.9,2,14.1
206,Tobias Harris,PF,28,PHI,60,60,32.7,7.7,15,0.515,1.4,3.4,0.401,6.4,11.6,0.548,0.56,2.9,3.3,0.893,1,5.8,6.8,3.6,0.9,0.8,1.8,2,19.7
207,Shaquille Harrison,SG,27,TOT,31,0,8.9,0.8,2.1,0.364,0.1,0.4,0.25,0.7,1.7,0.389,0.386,0.6,0.7,0.818,0.2,1.1,1.3,0.7,0.5,0.2,0.3,0.9,2.2
207,Shaquille Harrison,SG,27,UTA,17,0,3.3,0.4,1.2,0.3,0,0.1,0,0.4,1.1,0.333,0.3,0.3,0.4,0.833,0.2,0.4,0.5,0.5,0.1,0,0.3,0.2,1
207,Shaquille Harrison,SG,27,DEN,14,0,15.6,1.3,3.3,0.391,0.2,0.7,0.3,1.1,2.6,0.417,0.424,0.9,1.1,0.813,0.2,1.9,2.1,0.9,0.9,0.4,0.4,1.7,3.7
208,Josh Hart,SF,25,NOP,47,4,28.7,3.2,7.3,0.439,1.3,4.1,0.326,1.9,3.2,0.583,0.531,1.5,1.9,0.775,1.1,6.9,8,2.3,0.8,0.3,1,2.4,9.2
209,Isaiah Hartenstein,C,22,TOT,46,2,12.2,2,3.7,0.55,0,0.1,0.333,2,3.6,0.558,0.556,1,1.5,0.648,1.4,2.5,3.9,1.2,0.4,0.8,1,2.3,5.1
209,Isaiah Hartenstein,C,22,DEN,30,0,9.1,1.4,2.7,0.513,0,0,,1.4,2.7,0.513,0.513,0.7,1.2,0.611,1.3,1.5,2.8,0.5,0.4,0.7,0.7,2,3.5
209,Isaiah Hartenstein,C,22,CLE,16,2,17.9,3.3,5.7,0.582,0.1,0.4,0.333,3.2,5.3,0.6,0.593,1.5,2.2,0.686,1.6,4.4,6,2.5,0.5,1.2,1.4,2.8,8.3
210,Jaxson Hayes,C,20,NOP,58,3,15.9,2.8,4.5,0.633,0.1,0.2,0.5,2.7,4.3,0.64,0.645,1.5,1.9,0.782,1.5,2.7,4.2,0.6,0.4,0.7,0.7,1.7,7.2
211,Killian Hayes,PG,19,DET,24,16,25.1,2.8,7.8,0.36,0.8,2.5,0.295,2,5.2,0.392,0.409,0.5,0.6,0.8,0.3,2.5,2.8,5.3,1,0.3,3.3,2.1,6.8
212,Gordon Hayward,SF,30,CHO,44,44,34,7.1,15,0.473,1.9,4.7,0.415,5.1,10.3,0.499,0.537,3.5,4.2,0.843,0.8,5,5.9,4.1,1.2,0.3,2.1,1.7,19.6
213,Juan Hernangómez,PF,25,MIN,49,6,17.4,2.6,5.9,0.443,1.1,3.3,0.331,1.5,2.6,0.583,0.535,1.2,1.9,0.621,0.9,3.1,4,0.7,0.4,0.1,0.5,1,7.5
214,Willy Hernangómez,C,26,NOP,45,10,17.6,3.1,5.5,0.556,0,0.2,0.1,3,5.3,0.576,0.558,1.3,2,0.67,2.5,4.4,6.9,1.1,0.5,0.5,0.7,1.4,7.5
215,Tyler Herro,SG,21,MIA,51,14,30.5,5.7,13,0.441,2,5.5,0.364,3.7,7.5,0.497,0.518,1.8,2.2,0.811,0.5,4.5,4.9,3.3,0.7,0.3,1.9,1.3,15.3
216,Buddy Hield,SG,28,SAC,68,68,34.4,5.7,14,0.407,4,10.2,0.394,1.7,3.8,0.442,0.55,1.3,1.5,0.851,0.4,4.3,4.7,3.5,0.9,0.4,1.8,2.5,16.7
217,George Hill,PG,34,TOT,27,16,22.8,3.3,6.8,0.481,1,2.7,0.365,2.3,4,0.56,0.555,1.3,1.7,0.783,0.6,1.6,2.2,2.5,0.8,0.2,1.1,1,8.9
217,George Hill,PG,34,OKC,14,14,26.4,4.4,8.6,0.508,1.6,4.1,0.386,2.8,4.5,0.619,0.6,1.5,1.8,0.84,0.6,1.5,2.1,3.1,0.9,0.1,0.9,0.9,11.8
217,George Hill,PG,34,PHI,13,2,18.9,2.1,4.8,0.429,0.4,1.3,0.294,1.7,3.5,0.478,0.468,1.2,1.6,0.714,0.6,1.7,2.3,1.8,0.7,0.2,1.3,1.2,5.7
218,Solomon Hill,PF,29,ATL,69,14,21.1,1.5,4.2,0.362,1,3,0.322,0.6,1.2,0.459,0.476,0.5,0.7,0.761,0.6,2.4,3,1,0.7,0.2,0.6,1.6,4.5
219,Nate Hinton,SG,21,DAL,20,0,4.5,0.8,2,0.375,0.2,0.9,0.222,0.6,1.1,0.5,0.425,0.4,0.5,0.7,0.1,0.4,0.5,0.4,0.4,0.1,0.3,0.4,2.1
220,Jaylen Hoard,SF,21,OKC,17,0,16.2,2.2,4.6,0.487,0,0.5,0,2.2,4.1,0.551,0.487,1.5,2.2,0.684,1.1,2.3,3.4,1.2,0.6,0.2,0.9,1,6
221,Aaron Holiday,PG,24,IND,66,8,17.8,2.6,6.6,0.39,1,2.8,0.368,1.6,3.8,0.406,0.467,1,1.3,0.819,0.2,1.1,1.3,1.9,0.7,0.2,1,1.4,7.2
222,Jrue Holiday,PG,30,MIL,57,54,32.3,7,13.9,0.503,1.9,4.8,0.396,5.1,9.1,0.559,0.571,1.8,2.3,0.783,1.3,3.3,4.5,5.8,1.7,0.6,2.2,1.7,17.6
223,Justin Holiday,SG,31,IND,69,49,30.1,3.5,8.6,0.409,2.3,6.2,0.379,1.2,2.4,0.491,0.547,0.9,1.2,0.793,0.4,3.1,3.6,1.6,1.1,0.6,0.7,1.9,10.3
224,Rondae Hollis-Jefferson,PF,26,POR,11,1,9.7,0.8,1.6,0.5,0,0.1,0,0.8,1.5,0.529,0.5,0.8,1.5,0.563,1,1.4,2.4,1.2,0.2,0.4,0.2,1.4,2.5
225,Richaun Holmes,C,27,SAC,60,60,29.5,6.1,9.5,0.64,0,0.2,0.182,6.1,9.3,0.649,0.642,2.2,2.8,0.793,2.4,6,8.4,1.7,0.7,1.6,1.3,3.6,14.4
226,Rodney Hood,SF,28,TOT,55,5,17.1,1.7,4.7,0.362,0.6,2.1,0.301,1.1,2.7,0.408,0.427,0.4,0.5,0.857,0.4,1.5,1.9,1,0.4,0.1,0.7,1.3,4.5
226,Rodney Hood,SF,28,POR,38,5,19.1,1.9,5.3,0.363,0.7,2.2,0.298,1.3,3.1,0.41,0.425,0.2,0.3,0.75,0.5,1.4,1.9,1.2,0.5,0.1,0.8,1.6,4.7
226,Rodney Hood,SF,28,TOR,17,0,12.7,1.2,3.5,0.356,0.5,1.7,0.31,0.7,1.8,0.4,0.432,0.9,0.9,0.938,0.3,1.5,1.8,0.4,0.2,0.2,0.3,0.9,3.9
227,Al Horford,C,34,OKC,28,28,27.9,5.8,12.9,0.45,2,5.4,0.368,3.8,7.4,0.51,0.528,0.6,0.8,0.818,1,5.7,6.7,3.4,0.9,0.9,1,1.7,14.2
228,Talen Horton-Tucker,SG,20,LAL,63,4,20.1,3.5,7.6,0.458,0.5,2,0.268,2.9,5.6,0.527,0.494,1.5,2,0.78,0.4,2.3,2.7,2.8,1,0.3,1.7,2,9
229,Danuel House,SF,27,HOU,36,23,25.9,3.1,7.6,0.404,1.5,4.3,0.346,1.6,3.2,0.483,0.504,1.1,1.8,0.651,0.5,3.2,3.7,1.9,0.6,0.4,1,1.9,8.8
230,Dwight Howard,C,35,PHI,67,5,17.4,2.6,4.4,0.586,0.1,0.3,0.25,2.5,4.1,0.61,0.594,1.8,3.1,0.577,2.8,5.7,8.4,0.9,0.4,0.9,1.6,2.9,7.1
231,Markus Howard,SG,21,DEN,34,0,3.6,0.5,1.9,0.277,0.2,1.3,0.186,0.3,0.6,0.455,0.338,0.1,0.1,0.6,0,0.4,0.4,0.4,0.1,0,0.3,0.5,1.4
232,Kevin Huerter,SG,22,ATL,68,49,30.9,4.6,10.6,0.431,2,5.6,0.362,2.5,5,0.509,0.527,0.7,0.9,0.781,0.5,2.8,3.3,3.5,1.2,0.3,1.2,2.4,11.9
233,Elijah Hughes,SF,22,UTA,18,0,3.6,0.6,1.7,0.333,0.4,1.3,0.348,0.1,0.4,0.286,0.467,0.2,0.2,0.75,0.1,0.4,0.5,0.3,0.1,0.1,0.3,0.1,1.7
234,De'Andre Hunter,SF,23,ATL,21,18,30.4,5.5,11,0.5,1.5,4.2,0.348,4,6.7,0.596,0.567,3.1,3.6,0.867,0.8,4.2,5,2,0.9,0.5,1.3,2.6,15.5
235,Chandler Hutchison,SF,24,TOT,23,0,13.7,1.6,4.2,0.381,0.3,0.9,0.35,1.3,3.3,0.39,0.418,0.9,1,0.833,0.3,3,3.2,0.7,0.5,0.2,0.8,1.3,4.4
235,Chandler Hutchison,SF,24,CHI,7,0,9.1,0.7,2.6,0.278,0.1,0.4,0.333,0.6,2.1,0.267,0.306,0.3,0.3,1,0.1,2.7,2.9,0.6,0.1,0,0.7,1.3,1.9
235,Chandler Hutchison,SF,24,WAS,16,0,15.6,2,4.9,0.405,0.4,1.1,0.353,1.6,3.9,0.419,0.443,1.1,1.4,0.818,0.3,3.1,3.4,0.8,0.6,0.3,0.8,1.4,5.5
236,Serge Ibaka,C,31,LAC,39,39,23.6,4.5,8.9,0.507,1,2.8,0.352,3.5,6.1,0.577,0.562,0.9,1.2,0.822,1.7,4.9,6.7,1.7,0.2,1.2,1.1,1.9,10.9
237,Andre Iguodala,SF,37,MIA,61,5,21.2,1.5,4,0.384,1,3,0.333,0.6,1.1,0.523,0.506,0.4,0.6,0.658,0.6,2.9,3.5,2.3,0.9,0.5,1,1.4,4.5
238,Ersan İlyasova,PF,33,UTA,16,1,8.9,1.3,3.1,0.429,1.1,2.4,0.474,0.2,0.7,0.273,0.612,0.3,0.3,1,0.3,1.4,1.7,0.3,0.6,0.2,0.5,1.8,4.1
239,Joe Ingles,SF,33,UTA,65,28,27.8,4.2,8.4,0.494,2.8,6.1,0.456,1.4,2.3,0.592,0.658,1.1,1.4,0.841,0.4,3.2,3.7,4.7,0.7,0.2,1.7,1.8,12.2
240,Brandon Ingram,SF,23,NOP,61,61,34.3,8.4,18,0.466,2.3,6.1,0.381,6.1,11.9,0.51,0.531,4.6,5.2,0.878,0.6,4.3,4.9,4.9,0.7,0.6,2.5,2,23.8
241,Kyrie Irving,PG,28,BRK,52,52,35.2,10.3,20.4,0.503,2.8,7.1,0.397,7.4,13.3,0.56,0.572,3.8,4.2,0.922,1,3.8,4.8,6.2,1.4,0.6,2.5,2.6,27.2
242,Wesley Iwundu,SF,26,TOT,41,4,13.1,0.8,2.5,0.333,0.1,1,0.122,0.7,1.5,0.475,0.358,0.6,0.8,0.839,0.4,1.8,2.2,0.4,0.4,0.1,0.5,1.2,2.4
242,Wesley Iwundu,SF,26,DAL,23,3,12.5,0.7,2.3,0.327,0.1,1,0.13,0.6,1.3,0.483,0.356,0.5,0.6,0.857,0.3,1.7,1.9,0.4,0.4,0.1,0.3,1.1,2.1
242,Wesley Iwundu,SF,26,NOP,18,1,13.9,0.9,2.8,0.34,0.1,1,0.111,0.8,1.8,0.469,0.36,0.8,0.9,0.824,0.5,2.1,2.6,0.4,0.3,0.1,0.7,1.3,2.8
243,Frank Jackson,PG,22,DET,40,6,18.5,3.4,7.3,0.457,1.5,3.8,0.407,1.8,3.6,0.51,0.561,1.5,1.9,0.813,0.4,1.8,2.2,0.9,0.4,0,0.9,1.3,9.8
244,Jaren Jackson Jr.,C,21,MEM,9,2,23,4.8,11.2,0.426,1.4,5.4,0.265,3.3,5.8,0.577,0.49,3.7,4.3,0.846,1.4,4,5.4,0.9,1,1.6,1.3,3.6,14.7
245,Josh Jackson,SG,23,DET,60,24,25,4.8,11.3,0.423,1.3,4.1,0.309,3.5,7.3,0.486,0.478,2.5,3.5,0.729,0.9,3.1,4,2.2,0.9,0.7,2.3,2.9,13.3
246,Justin Jackson,SF,25,OKC,33,3,16.5,2.6,6.4,0.406,1,3.4,0.306,1.6,3.1,0.515,0.486,0.9,1.1,0.857,0.4,1.7,2.2,1.5,0.5,0.1,0.9,0.9,7.2
247,Reggie Jackson,SG,30,LAC,65,42,23.2,3.9,8.7,0.45,1.8,4.1,0.432,2.1,4.6,0.465,0.551,1,1.3,0.817,0.4,2.5,2.9,3.1,0.6,0.1,1.1,1.9,10.6
248,Justin James,SF,24,SAC,34,0,7.4,1,2.4,0.432,0.3,0.9,0.323,0.7,1.5,0.5,0.494,0.4,0.7,0.5,0.1,0.4,0.5,0.5,0.2,0.1,0.3,0.5,2.7
249,LeBron James,PG,36,LAL,43,43,33.7,9.3,18.1,0.513,2.3,6.4,0.366,7,11.7,0.594,0.578,4.1,5.8,0.701,0.6,7.3,7.9,7.8,1,0.6,3.8,1.6,25
250,Mike James,PG,30,BRK,11,1,17.5,2.3,6.2,0.368,0.7,2.1,0.348,1.5,4.1,0.378,0.426,1.8,2.2,0.833,0.3,1.9,2.2,3.7,0.4,0.1,1.5,0.7,7.1
251,DaQuan Jeffries,SG,23,TOT,31,5,15.9,1.6,3.9,0.417,0.6,2.2,0.299,1,1.7,0.566,0.5,0.2,0.3,0.875,0.6,1.7,2.3,0.7,0.5,0.3,0.5,1.5,4.1
251,DaQuan Jeffries,SG,23,SAC,18,2,12.9,1.3,3.2,0.421,0.5,1.6,0.321,0.8,1.6,0.517,0.5,0.3,0.4,0.857,0.5,1.1,1.6,0.3,0.4,0.2,0.4,1.3,3.5
251,DaQuan Jeffries,SG,23,HOU,13,3,20.1,2,4.8,0.413,0.8,3,0.282,1.2,1.8,0.625,0.5,0.1,0.1,1,0.8,2.5,3.2,1.2,0.6,0.5,0.5,1.9,4.9
252,Ty Jerome,SG,23,OKC,33,1,23.9,3.9,8.7,0.446,2.2,5.1,0.423,1.7,3.6,0.479,0.57,0.8,1,0.765,0.3,2.5,2.8,3.6,0.6,0.2,1.4,1.8,10.7
253,Isaiah Joe,SG,21,PHI,38,1,8.8,1,3,0.345,0.8,2.3,0.348,0.2,0.6,0.333,0.482,0.3,0.5,0.722,0.2,0.7,0.9,0.5,0.3,0.1,0.2,0.8,3.2
254,Alize Johnson,PF,24,BRK,16,0,11.4,2.4,4.1,0.6,0.1,0.4,0.167,2.4,3.7,0.644,0.608,0.8,0.8,1,1.6,3.9,5.6,0.9,0.3,0.3,0.6,0.9,5.8
255,Cameron Johnson,PF,24,PHO,60,11,24,3.4,8.1,0.42,2,5.6,0.349,1.4,2.5,0.581,0.541,0.8,1,0.847,0.6,2.8,3.3,1.4,0.6,0.3,0.7,1.4,9.6
256,James Johnson,PF,33,TOT,49,10,20.4,2.9,6.4,0.446,0.6,2.4,0.256,2.2,4,0.558,0.494,0.9,1.5,0.616,0.6,2.8,3.5,1.9,0.9,0.9,1,2.3,7.2
256,James Johnson,PF,33,DAL,29,1,17.4,2.3,5,0.462,0.5,2.1,0.25,1.8,2.9,0.612,0.514,0.6,1,0.586,0.5,2.5,3,1.7,0.8,0.8,0.9,2,5.7
256,James Johnson,PF,33,NOP,20,9,24.8,3.7,8.5,0.432,0.8,2.9,0.263,2.9,5.6,0.518,0.476,1.4,2.2,0.636,0.9,3.4,4.2,2.1,0.9,1,1.2,2.8,9.5
257,Keldon Johnson,SF,21,SAS,66,64,28.6,4.9,10.2,0.479,0.9,2.6,0.337,4,7.7,0.526,0.521,2.1,2.8,0.734,1.4,4.7,6.1,1.7,0.6,0.4,1.1,2.1,12.7
258,Stanley Johnson,PF,24,TOR,58,10,15.2,1.1,3.1,0.373,0.6,1.8,0.321,0.6,1.2,0.451,0.469,0.5,0.6,0.794,0.4,1.8,2.2,1.3,0.8,0.3,0.8,1.9,3.3
259,Tyler Johnson,SG,28,BRK,37,3,17.5,1.8,4.7,0.387,1.2,3.4,0.357,0.6,1.3,0.468,0.517,0.5,0.6,0.857,0.2,1.8,1.9,1.2,0.4,0,0.4,1,5.3
260,Nikola Jokić,C,25,DEN,69,69,35,10.2,18,0.564,1.3,3.3,0.398,8.8,14.7,0.602,0.601,4.8,5.5,0.866,2.8,8,10.8,8.4,1.3,0.7,3.2,2.7,26.5
261,Damian Jones,C,25,TOT,36,8,12.6,1.5,2.2,0.679,0,0.1,0.333,1.4,2.1,0.693,0.686,0.9,1.3,0.739,0.8,2,2.8,0.6,0.3,0.7,0.6,1.9,3.9
261,Damian Jones,C,25,PHO,14,0,6.7,0.6,1.1,0.5,0,0.1,0,0.6,1.1,0.533,0.5,0.4,0.8,0.545,0.5,0.8,1.3,0.3,0.1,0.4,0.4,1.4,1.6
261,Damian Jones,C,25,LAL,8,6,14,2,2.1,0.941,0,0,,2,2.1,0.941,0.941,1.4,1.5,0.917,1,2.3,3.3,0.1,0.1,0.9,0.6,2.8,5.4
261,Damian Jones,C,25,SAC,14,2,17.6,2.1,3.2,0.644,0.1,0.1,0.5,2,3.1,0.651,0.656,1.2,1.6,0.739,1,3,4,1.1,0.6,0.9,0.8,2,5.4
262,Derrick Jones Jr.,SF,23,POR,57,43,23,2.6,5.3,0.485,0.8,2.4,0.321,1.8,2.9,0.617,0.556,1,1.6,0.648,1.4,2.2,3.6,0.8,0.6,0.9,0.6,2.2,6.9
263,Mason Jones,SG,22,TOT,32,1,10.4,1.6,3.8,0.423,0.8,2.1,0.364,0.9,1.8,0.491,0.52,1.3,2,0.625,0.2,1.5,1.7,1.3,0.2,0,0.9,0.8,5.3
263,Mason Jones,SG,22,HOU,26,1,11.8,1.8,4.4,0.412,0.9,2.5,0.359,0.9,1.9,0.48,0.513,1.3,2.2,0.614,0.2,1.8,2,1.5,0.2,0,1.1,0.8,5.8
263,Mason Jones,SG,22,PHI,6,0,4.5,0.8,1.5,0.556,0.2,0.3,0.5,0.7,1.2,0.571,0.611,0.8,1.2,0.714,0.5,0.2,0.7,0.5,0.2,0,0.2,0.3,2.7
264,Tre Jones,PG,21,SAS,35,1,6.3,0.9,1.9,0.463,0.1,0.1,0.75,0.8,1.8,0.444,0.485,0.3,0.3,1,0.2,0.3,0.5,0.8,0.2,0,0.3,0.3,2.2
265,Tyus Jones,PG,24,MEM,67,8,17.6,2.6,6,0.439,0.7,2,0.324,2,3.9,0.498,0.494,0.6,0.6,0.902,0.3,1.7,2,3.8,0.9,0.1,0.7,0.4,6.4
266,DeAndre Jordan,C,32,BRK,57,43,21.9,3.3,4.4,0.763,0,0,0,3.3,4.4,0.766,0.763,0.8,1.6,0.5,2.1,5.4,7.5,1.6,0.3,1.1,1.5,2,7.5
267,Cory Joseph,PG,29,TOT,62,12,22.8,3.1,6.6,0.471,0.7,2.1,0.336,2.4,4.6,0.532,0.523,1.2,1.4,0.818,0.5,2,2.5,3.4,1,0.3,1.2,2.2,8.1
267,Cory Joseph,PG,29,SAC,44,2,21.5,2.5,5.7,0.444,0.7,2.1,0.33,1.8,3.5,0.513,0.506,0.8,1.1,0.766,0.6,1.7,2.3,2.5,0.9,0.2,1,2.2,6.6
267,Cory Joseph,PG,29,DET,18,10,26.2,4.6,9,0.512,0.7,1.9,0.353,3.9,7.1,0.555,0.549,2,2.3,0.878,0.5,2.6,3.1,5.6,1.2,0.4,1.8,2.2,11.9
268,Mfiondu Kabengele,PF,23,TOT,37,0,6.5,0.8,2.1,0.367,0.3,1.2,0.273,0.5,0.9,0.486,0.443,0.4,0.4,0.813,0.2,0.9,1.2,0.4,0.2,0.3,0.3,0.8,2.2
268,Mfiondu Kabengele,PF,23,LAC,23,0,4.1,0.4,1.4,0.281,0.2,0.8,0.222,0.2,0.6,0.357,0.344,0.2,0.3,0.833,0,0.6,0.6,0.2,0.1,0.1,0.3,0.8,1.2
268,Mfiondu Kabengele,PF,23,CLE,14,0,10.5,1.4,3.4,0.426,0.6,1.9,0.308,0.9,1.5,0.571,0.511,0.6,0.7,0.8,0.5,1.6,2.1,0.8,0.4,0.5,0.4,0.9,4
269,Frank Kaminsky,C,27,PHO,44,13,14.9,2.6,5.3,0.485,0.7,1.9,0.366,1.9,3.5,0.549,0.549,0.8,1.3,0.607,0.7,3.1,3.8,1.5,0.3,0.4,0.5,1.4,6.6
270,Enes Kanter,C,28,POR,70,35,24.6,4.7,7.9,0.6,0,0.1,0.25,4.7,7.8,0.602,0.601,1.8,2.3,0.774,4,7,11,1.2,0.5,0.7,1.1,2.3,11.2
271,Luke Kennard,SG,24,LAC,60,15,19.3,3,6.3,0.479,1.6,3.5,0.464,1.4,2.9,0.497,0.605,0.4,0.5,0.828,0.3,2.4,2.6,1.7,0.3,0.2,0.8,1.5,8.1
272,Louis King,SF,21,SAC,3,0,4.7,0.3,1.3,0.25,0,1,0,0.3,0.3,1,0.25,0,0,,0,1,1,0.3,0.3,0,0.3,1,0.7
273,Maxi Kleber,PF,29,DAL,50,40,26.8,2.3,5.5,0.422,1.7,4.2,0.41,0.6,1.3,0.46,0.58,0.7,0.7,0.919,0.9,4.3,5.2,1.4,0.5,0.7,0.6,2.1,7.1
274,Nathan Knight,PF,23,ATL,31,0,8,1,2.8,0.352,0.2,0.9,0.172,0.8,1.9,0.441,0.381,1.4,1.6,0.843,0.8,1.2,2,0.2,0.3,0.3,0.5,0.7,3.5
275,Kevin Knox,SF,21,NYK,42,0,11,1.3,3.4,0.392,0.8,2.1,0.393,0.5,1.3,0.389,0.514,0.4,0.5,0.8,0.2,1.2,1.5,0.5,0.3,0.1,0.4,0.9,3.9
276,John Konchar,SG,24,MEM,41,0,13.4,1.6,3.1,0.496,0.5,1.2,0.373,1.1,1.9,0.577,0.57,0.5,0.6,0.846,0.8,2.2,3,1.1,0.7,0.2,0.4,0.9,4.1
277,Furkan Korkmaz,SG,23,PHI,52,10,19.3,3.1,7.7,0.408,1.9,4.8,0.385,1.3,2.8,0.446,0.529,1.1,1.6,0.728,0.3,1.8,2,1.4,0.9,0.2,0.8,1.2,9.3
278,Luke Kornet,C-PF,25,TOT,29,0,10,1.2,2.9,0.429,0.5,1.8,0.288,0.7,1.1,0.656,0.518,0.1,0.2,0.5,0.4,1.6,2,0.7,0.1,0.9,0.2,0.6,3.1
278,Luke Kornet,PF,25,CHI,13,0,7.2,0.7,2.1,0.333,0.5,1.8,0.261,0.2,0.3,0.75,0.444,0.2,0.3,0.5,0.1,1.1,1.2,0.3,0.2,0.5,0.1,0.1,2
278,Luke Kornet,C,25,BOS,16,0,12.3,1.7,3.6,0.474,0.6,1.8,0.31,1.1,1.8,0.643,0.553,0.1,0.1,0.5,0.6,2.1,2.7,1.1,0.1,1.1,0.3,0.9,4
279,Rodions Kurucs,SF-PF,22,TOT,21,0,6,0.5,1.5,0.344,0.3,1,0.286,0.2,0.5,0.455,0.438,0.1,0.2,0.75,0.2,0.9,1.1,0.5,0.4,0.2,0.6,0.8,1.5
279,Rodions Kurucs,PF,22,BRK,5,0,3.2,0.2,0.6,0.333,0.2,0.4,0.5,0,0.2,0,0.5,0,0,,0,0.6,0.6,0.4,0,0,0,0.2,0.6
279,Rodions Kurucs,SF,22,HOU,11,0,6.8,0.5,1.9,0.238,0.2,1.4,0.133,0.3,0.5,0.5,0.286,0.1,0.2,0.5,0.2,0.8,1,0.4,0.5,0.4,0.8,0.6,1.2
279,Rodions Kurucs,SF,22,MIL,5,0,6.8,1,1.6,0.625,0.6,0.8,0.75,0.4,0.8,0.5,0.813,0.4,0.4,1,0.6,1.2,1.8,0.8,0.6,0,0.8,1.6,3
280,Kyle Kuzma,SF,25,LAL,66,32,28.9,5,11.3,0.441,2.1,5.7,0.36,2.9,5.6,0.524,0.532,1,1.4,0.688,1.6,4.6,6.2,1.9,0.5,0.6,1.7,1.8,13
281,Anthony Lamb,SF,23,HOU,22,2,15.6,1.7,4.6,0.373,0.9,2.8,0.323,0.8,1.8,0.45,0.471,0.6,0.7,0.867,1,1.7,2.8,0.7,0.2,0.2,0.7,1.5,5
282,Jeremy Lamb,SG,28,IND,36,8,21.3,3.3,7.7,0.435,1.4,3.6,0.406,1.9,4.1,0.459,0.529,2,2.1,0.947,0.7,2.9,3.6,1.5,0.9,0.6,0.6,2,10.1
283,Romeo Langford,SG,21,BOS,16,3,14.3,0.8,2.7,0.302,0.3,1,0.25,0.6,1.7,0.333,0.349,0.3,0.3,1,0.7,1.2,1.9,0.6,0.3,0.3,0.5,1.1,2.1
284,Zach LaVine,SG,25,CHI,57,57,35.1,9.8,19.4,0.506,3.5,8.2,0.419,6.4,11.2,0.571,0.595,4.4,5.1,0.849,0.6,4.4,5,4.9,0.8,0.5,3.5,2.4,27.5
285,Jake Layman,SF,26,MIN,44,11,13.9,2,4.1,0.497,0.5,1.7,0.293,1.5,2.4,0.644,0.559,0.6,0.8,0.703,0.3,1.2,1.5,0.6,0.7,0.4,0.6,1,5.1
286,T.J. Leaf,PF,23,POR,6,0,5,0.8,1.5,0.556,0,0,,0.8,1.5,0.556,0.556,0.3,0.3,1,0,0.7,0.7,0.2,0.3,0.2,0.3,0.2,2
287,Jalen Lecque,PG,20,IND,4,0,3,0.3,2.3,0.111,0,0.3,0,0.3,2,0.125,0.111,0.8,0.8,1,0.5,0.8,1.3,0.5,0,0,0,0,1.3
288,Damion Lee,SG,28,GSW,57,1,18.9,2.2,4.8,0.467,1.4,3.4,0.397,0.9,1.4,0.638,0.608,0.7,0.8,0.909,0.4,2.8,3.2,1.3,0.7,0.1,0.5,1.6,6.5
289,Saben Lee,PG,21,DET,46,7,16,2,4.4,0.468,0.2,0.5,0.364,1.9,3.9,0.48,0.488,1.3,1.9,0.685,0.4,1.6,2,3.6,0.7,0.3,1.1,1.6,5.6
290,Alex Len,C,27,TOT,62,40,15.5,2.7,4.4,0.615,0.1,0.4,0.32,2.6,4,0.644,0.629,1.2,1.9,0.629,1.2,2.9,4.1,0.8,0.3,1,0.9,2,6.8
290,Alex Len,C,27,TOR,7,2,10.9,0.7,1.4,0.5,0.4,0.9,0.5,0.3,0.6,0.5,0.65,0.4,0.9,0.5,0,1.6,1.6,0.4,0.1,0.9,1.1,1.4,2.3
290,Alex Len,C,27,WAS,55,38,16.1,3,4.8,0.619,0.1,0.3,0.263,2.9,4.5,0.646,0.628,1.3,2,0.636,1.4,3,4.4,0.8,0.3,1,0.9,2.1,7.3
291,Kawhi Leonard,SF,29,LAC,51,51,34.1,9,17.6,0.512,1.9,4.9,0.396,7.1,12.7,0.556,0.567,5,5.7,0.886,1.1,5.5,6.5,5.1,1.6,0.4,2,1.6,25
292,Meyers Leonard,C,28,MIA,3,2,9.7,1,2.3,0.429,1,2.3,0.429,0,0,,0.643,0.3,0.7,0.5,0,2.3,2.3,0.7,0,0,0.7,1.7,3.3
293,Caris LeVert,SG,26,TOT,45,37,31.7,7.6,17.4,0.439,1.8,5.5,0.328,5.8,11.9,0.491,0.491,3.1,3.8,0.802,0.7,3.9,4.6,5,1.4,0.6,2.1,2.2,20.2
293,Caris LeVert,SG,26,BRK,12,4,27.8,7.3,16.7,0.435,1.8,5.3,0.349,5.4,11.4,0.474,0.49,2.2,2.8,0.765,0.8,3.5,4.3,6,1.1,0.5,2.2,1.7,18.5
293,Caris LeVert,SG,26,IND,33,33,33.1,7.8,17.7,0.441,1.8,5.6,0.321,6,12.1,0.496,0.491,3.4,4.2,0.812,0.7,4.1,4.7,4.7,1.5,0.7,2.1,2.5,20.8
294,Kira Lewis Jr.,PG,19,NOP,52,0,16.3,2.4,6.2,0.385,0.8,2.3,0.333,1.6,3.9,0.415,0.446,0.7,0.9,0.822,0.2,1,1.2,2.3,0.7,0.2,0.6,1.6,6.2
295,Damian Lillard,PG,30,POR,65,65,35.8,8.9,20,0.446,4.1,10.6,0.389,4.8,9.4,0.511,0.549,6.8,7.3,0.928,0.5,3.7,4.2,7.5,0.9,0.3,3,1.5,28.7
296,Nassir Little,PF,20,POR,47,2,13.5,1.6,3.5,0.461,0.6,1.7,0.35,1,1.8,0.565,0.545,0.8,1,0.8,0.7,2,2.7,0.5,0.1,0.3,0.4,1.1,4.6
297,Kevon Looney,C,24,GSW,59,32,18.8,1.7,3.2,0.548,0.1,0.3,0.235,1.7,2.9,0.579,0.559,0.5,0.7,0.636,1.9,3.3,5.1,1.9,0.4,0.4,0.6,2.2,4
298,Brook Lopez,C,32,MIL,68,68,27.1,4.5,9,0.494,1.4,4.1,0.339,3.1,4.9,0.624,0.572,1.7,2,0.848,1.5,3.4,4.9,0.7,0.6,1.5,0.9,2.1,12.1
299,Robin Lopez,C,32,WAS,69,9,19,3.7,5.8,0.628,0.1,0.3,0.278,3.6,5.6,0.644,0.634,1.4,2,0.723,2,1.8,3.8,0.8,0.2,0.6,1,1.5,8.8
300,Didi Louzada,G,21,NOP,1,0,15,1,5,0.2,0,2,0,1,3,0.333,0.2,0,0,,0,1,1,0,0,0,0,2,2
301,Kevin Love,PF,32,CLE,25,25,24.9,4.1,10.1,0.409,2.3,6.2,0.365,1.8,3.8,0.479,0.522,1.7,2,0.824,0.7,6.8,7.4,2.5,0.6,0.1,1.5,1,12.2
302,Kyle Lowry,PG,34,TOR,46,46,34.8,5.7,13,0.436,2.8,7.2,0.396,2.8,5.8,0.487,0.546,3,3.5,0.875,0.8,4.6,5.4,7.3,1,0.3,2.7,3.1,17.2
303,Timothé Luwawu-Cabarrot,SF,25,BRK,56,7,18.6,2.3,6.3,0.36,1.3,4.3,0.311,0.9,2.1,0.461,0.465,0.6,0.8,0.814,0.5,1.8,2.3,1.2,0.6,0.1,0.8,1.8,6.5
304,Trey Lyles,PF,25,SAS,23,9,15.6,1.9,3.9,0.478,0.6,1.7,0.35,1.3,2.2,0.58,0.556,0.7,1,0.652,0.4,3.3,3.7,0.6,0.3,0,0.3,0.6,5
305,Will Magnay,C,22,NOP,1,0,3,0,1,0,0,1,0,0,0,,0,0,0,,0,0,0,0,0,0,1,1,0
306,Thon Maker,C,23,CLE,8,0,9.5,1.3,2.3,0.556,0,0.3,0,1.3,2,0.625,0.556,1.3,1.4,0.909,1,1.3,2.3,0.5,0.3,0.5,0.4,0.9,3.8
307,Théo Maledon,PG,19,OKC,63,47,27.5,3.5,9.4,0.366,1.6,4.8,0.336,1.8,4.6,0.399,0.452,1.6,2.1,0.744,0.4,2.9,3.3,3.5,0.9,0.2,2.2,2,10.1
308,Karim Mané,PG,20,ORL,10,0,8.8,0.3,1.3,0.231,0.1,0.2,0.5,0.2,1.1,0.182,0.269,0.4,0.5,0.8,0.1,1.3,1.4,0.4,0,0.2,0.3,1,1.1
309,Terance Mann,SG,24,LAC,65,10,19,2.6,5.2,0.5,0.6,1.4,0.416,2,3.9,0.53,0.554,1.1,1.4,0.831,0.9,2.8,3.6,1.6,0.4,0.2,0.6,1.9,6.9
310,Nico Mannion,PG,19,GSW,29,1,11.4,1.2,3.5,0.353,0.7,1.9,0.37,0.6,1.7,0.333,0.451,0.7,0.9,0.8,0.1,1.2,1.3,2.2,0.6,0,1,1,3.9
311,Boban Marjanović,C,32,DAL,32,3,8.3,1.9,3.8,0.508,0,0.3,0.125,1.9,3.6,0.535,0.512,0.9,1.1,0.824,1.5,2.5,4,0.3,0.1,0.2,0.3,0.9,4.8
312,Lauri Markkanen,PF,23,CHI,48,25,25.8,4.8,10.2,0.473,2.2,5.8,0.388,2.6,4.5,0.584,0.583,1.5,1.8,0.83,0.7,4.6,5.3,0.9,0.5,0.3,1,1.5,13.4
313,Naji Marshall,SF,23,NOP,30,8,20.9,2.3,6,0.381,0.8,2.5,0.324,1.5,3.6,0.421,0.448,1.5,2.2,0.687,0.5,3.8,4.3,2.6,0.8,0.3,1,1.8,6.9
314,Caleb Martin,SF,25,CHO,52,3,15.4,1.8,4.8,0.369,0.6,2.3,0.246,1.2,2.4,0.488,0.43,0.8,1.2,0.641,0.6,2.1,2.7,1.3,0.7,0.2,0.6,1.2,4.9
315,Cody Martin,SF,25,CHO,52,10,16.3,1.6,3.6,0.441,0.3,1.1,0.276,1.3,2.5,0.515,0.484,0.5,0.8,0.581,1,2.1,3.1,1.7,0.7,0.2,0.8,1,4
316,Jeremiah Martin,PG,24,CLE,7,0,7.4,1,3.7,0.269,0.4,1.4,0.3,0.6,2.3,0.25,0.327,0.1,0.7,0.2,0.1,0.7,0.9,0.4,0.6,0,0.7,0.1,2.6
317,Kelan Martin,SF,25,IND,32,0,7.9,1.5,3.3,0.448,0.5,1.3,0.381,1,2,0.492,0.524,0.2,0.3,0.875,0.4,1.5,1.9,0.4,0.2,0.2,0.4,0.9,3.7
318,Kenyon Martin Jr.,SF,20,HOU,43,6,23.2,3.6,6.8,0.526,0.8,1.9,0.407,2.8,4.9,0.571,0.582,1.3,1.8,0.722,1.7,3.6,5.3,1,0.6,1,0.7,1.9,9.2
319,Frank Mason III,PG,26,ORL,4,1,19.8,2.3,6,0.375,0.5,1.3,0.4,1.8,4.8,0.368,0.417,1.3,1.8,0.714,0.8,2.3,3,3,0,0,1.3,1.8,6.3
320,Garrison Mathews,SG,24,WAS,62,24,16.4,1.5,3.7,0.411,1.2,3.1,0.385,0.3,0.6,0.538,0.571,1.3,1.5,0.89,0.3,1.1,1.4,0.4,0.5,0.1,0.2,1.6,5.6
321,Dakota Mathias,SG,25,PHI,8,2,15.4,2.4,6,0.396,1,3.3,0.308,1.4,2.8,0.5,0.479,0.3,0.8,0.333,0.1,0.8,0.9,1.6,0.1,0.4,0.1,0.9,6
322,Wesley Matthews,SG,34,LAL,56,10,19.8,1.5,4.4,0.351,1.1,3.4,0.335,0.4,1,0.407,0.482,0.6,0.7,0.842,0.4,1.3,1.6,0.9,0.6,0.3,0.4,1.4,4.8
323,Tyrese Maxey,SG,20,PHI,58,7,14.8,3.1,6.8,0.461,0.5,1.7,0.292,2.6,5.1,0.515,0.496,0.9,1.1,0.857,0.2,1.4,1.6,1.8,0.4,0.2,0.7,1.2,7.7
324,Skylar Mays,SG,23,ATL,31,0,7.7,1.2,2.7,0.424,0.4,1.1,0.343,0.8,1.6,0.48,0.494,0.7,0.8,0.88,0.3,0.7,1,0.7,0.5,0,0.3,0.5,3.4
325,Patrick McCaw,SF,25,TOR,5,0,6.6,0.2,0.2,1,0,0,,0.2,0.2,1,1,0.6,0.6,1,0.2,0.4,0.6,0.8,0.4,0,0,1.2,1
326,CJ McCollum,SG,29,POR,45,45,34,8.6,18.8,0.454,3.5,8.9,0.396,5,9.9,0.507,0.548,2.4,2.9,0.811,0.6,3.4,4,4.7,1,0.5,1.4,1.9,23
327,T.J. McConnell,PG,28,IND,66,2,25.5,3.8,6.9,0.561,0.2,0.7,0.318,3.6,6.2,0.587,0.576,0.5,0.7,0.689,0.8,2.8,3.6,6.4,1.8,0.3,1.9,1.6,8.4
328,Jaden McDaniels,PF,20,MIN,60,25,24,2.6,5.8,0.441,1.1,3.1,0.366,1.4,2.7,0.528,0.539,0.5,0.8,0.6,0.8,3,3.8,1.1,0.6,1,0.7,2.7,6.7
329,Jalen McDaniels,SF,23,CHO,44,15,18.3,2.7,5.8,0.467,0.7,2.1,0.337,2,3.8,0.539,0.527,0.8,1.3,0.673,1,2.5,3.4,1,0.6,0.4,1,2,7
330,Doug McDermott,PF,29,IND,63,26,24.3,5.3,9.9,0.53,1.6,4.3,0.384,3.6,5.7,0.64,0.613,1.2,1.5,0.817,0.9,2.5,3.4,1.3,0.3,0.1,0.8,1.7,13.4
331,Sean McDermott,SF,24,MEM,18,0,8.8,0.7,1.8,0.394,0.3,1.2,0.227,0.4,0.6,0.727,0.47,0.4,0.4,1,0.3,0.7,1.1,0.2,0.1,0.2,0.2,0.4,2.2
332,JaVale McGee,C,33,TOT,43,1,14.5,3,6,0.512,0.1,0.5,0.227,2.9,5.4,0.538,0.521,1,1.5,0.662,1.6,3.4,5,0.8,0.4,1.1,1.4,2.6,7.2
332,JaVale McGee,C,33,CLE,33,1,15.2,3.4,6.5,0.521,0.2,0.6,0.25,3.2,5.9,0.549,0.533,1.1,1.7,0.655,1.6,3.5,5.2,1,0.5,1.2,1.4,2.4,8
332,JaVale McGee,C,33,DEN,10,0,12.1,1.9,4.1,0.463,0,0.2,0,1.9,3.9,0.487,0.463,0.7,1,0.7,1.4,2.9,4.3,0.3,0.3,0.9,1.5,3.1,4.5
333,Rodney McGruder,SG,29,DET,16,2,12.1,2.3,4.4,0.529,0.7,1.5,0.458,1.6,2.9,0.565,0.607,0.4,0.5,0.75,0.5,0.9,1.4,1,0.5,0.1,0.4,0.8,5.7
334,Alfonzo McKinnie,SF,28,LAL,38,0,6.8,1.2,2.4,0.511,0.4,1,0.41,0.8,1.4,0.585,0.598,0.3,0.5,0.556,0.6,0.8,1.4,0.2,0.2,0,0.1,0.7,3.2
335,Jordan McLaughlin,PG,24,MIN,48,2,18.7,1.9,4.8,0.401,0.6,1.8,0.352,1.3,3,0.431,0.468,0.5,0.6,0.786,0.4,1.7,2.1,3.9,1,0.1,1,0.9,5
336,Ben McLemore,SG,27,TOT,51,5,17.5,2.6,7.1,0.371,1.9,5.4,0.348,0.7,1.7,0.447,0.504,0.8,1,0.736,0.3,1.7,2,0.7,0.5,0.2,0.8,1.7,7.9
336,Ben McLemore,SG,27,HOU,32,4,16.8,2.5,7,0.357,1.7,5.2,0.331,0.8,1.8,0.431,0.48,0.7,1,0.719,0.3,1.7,2.1,0.9,0.6,0.1,0.9,1.6,7.4
336,Ben McLemore,SG,27,LAL,19,1,18.6,2.8,7.2,0.394,2.2,5.8,0.373,0.7,1.4,0.481,0.544,0.8,1.1,0.762,0.2,1.6,1.8,0.5,0.2,0.3,0.7,1.9,8.7
337,Nicolò Melli,PF,30,TOT,43,4,12.3,1,3,0.318,0.4,1.7,0.257,0.5,1.3,0.4,0.391,0.4,0.5,0.739,0.6,2,2.6,1,0.3,0.1,0.3,1.3,2.7
337,Nicolò Melli,PF,30,NOP,22,0,11,0.7,2.7,0.254,0.3,1.7,0.189,0.4,1,0.364,0.314,0.3,0.3,0.857,0.5,2,2.6,1.1,0.4,0,0.3,1.3,2
337,Nicolò Melli,PF,30,DAL,21,4,13.8,1.2,3.3,0.371,0.6,1.8,0.324,0.7,1.6,0.424,0.457,0.5,0.8,0.688,0.6,2,2.7,0.8,0.2,0.1,0.2,1.4,3.6
338,De'Anthony Melton,PG,22,MEM,49,1,20.1,3.4,7.7,0.444,1.8,4.1,0.43,1.7,3.6,0.46,0.559,0.7,0.9,0.783,0.6,2.6,3.2,2.6,1.1,0.6,1.3,1.7,9.3
339,Sam Merrill,SG,24,MIL,28,1,7.3,1.1,2.3,0.492,0.8,1.5,0.5,0.4,0.8,0.476,0.659,0.1,0.1,1,0.2,0.8,1,0.7,0.2,0,0.4,0.5,3.1
340,Chimezie Metu,C,23,SAC,33,3,12.1,2.3,4.3,0.524,0.2,0.7,0.364,2,3.7,0.554,0.552,0.8,1.2,0.718,0.9,2,2.8,0.8,0.4,0.5,0.8,1.6,5.6
341,Khris Middleton,SF,29,MIL,66,66,33.4,7.5,15.8,0.473,2.2,5.4,0.418,5.2,10.5,0.501,0.544,3.1,3.5,0.896,0.8,5.2,6,5.4,1.1,0.1,2.6,2.3,20.3
342,Darius Miller,SF,30,OKC,18,0,10.9,1.2,2.7,0.458,0.9,2.3,0.405,0.3,0.3,0.833,0.635,0.7,0.7,1,0.1,1.2,1.3,1.2,0.7,0.3,0.4,0.7,4.1
343,Patty Mills,PG,32,SAS,66,0,24.7,3.8,9,0.416,2.4,6.3,0.378,1.4,2.7,0.506,0.549,1,1.1,0.907,0.3,1.5,1.8,2.3,0.6,0,0.9,1.2,10.9
344,Paul Millsap,PF,35,DEN,54,36,20.9,3.4,7.1,0.482,0.9,2.5,0.343,2.6,4.6,0.558,0.543,1.2,1.7,0.71,1.4,3.3,4.7,1.7,0.9,0.7,0.9,2,9
345,Shake Milton,SG,24,PHI,60,3,23.3,4.7,10.6,0.445,1.1,3.2,0.351,3.6,7.4,0.486,0.498,2.4,2.8,0.839,0.5,1.8,2.3,3,0.6,0.3,1.7,2.1,12.9
346,Donovan Mitchell,PG,24,UTA,53,53,33.4,9,20.6,0.438,3.4,8.7,0.386,5.7,11.9,0.476,0.52,5,6,0.845,0.9,3.5,4.4,5.2,1,0.3,2.8,2.2,26.4
347,Adam Mokoka,SG,22,CHI,13,0,4.2,0.5,1.4,0.389,0.1,0.8,0.1,0.5,0.6,0.75,0.417,0,0.1,0,0.1,0.3,0.4,0.4,0.2,0.1,0.3,0.4,1.2
348,Malik Monk,SG,22,CHO,39,0,21.6,4.3,9.8,0.441,2.2,5.2,0.414,2.2,4.6,0.472,0.551,1.5,1.8,0.826,0.4,2.2,2.5,2.2,0.5,0.1,1.4,1.2,12.3
349,E'Twaun Moore,SG,31,PHO,25,1,14.2,1.7,4.2,0.406,0.3,1.3,0.25,1.4,3,0.473,0.443,0.4,0.5,0.833,0.5,1.2,1.7,1.4,0.6,0.2,0.8,1.2,4.2
350,Ja Morant,PG,21,MEM,61,61,32.4,6.9,15.1,0.452,1.2,3.8,0.309,5.7,11.4,0.5,0.491,4.4,6,0.731,0.9,3.1,4,7.3,0.9,0.2,3.2,1.4,19.3
351,Juwan Morgan,PF,23,UTA,27,0,5.1,0.5,1,0.481,0.1,0.5,0.308,0.3,0.5,0.643,0.556,0.1,0.3,0.429,0.3,0.7,1,0.3,0.1,0,0.1,0.8,1.2
352,Marcus Morris,PF,31,LAC,55,27,26.7,4.9,10.4,0.469,2.5,5.3,0.471,2.4,5.1,0.468,0.588,1.3,1.6,0.816,0.6,3.5,4.1,1,0.6,0.3,1,2.1,13.5
353,Markieff Morris,PF,31,LAL,61,27,19.7,2.5,6.2,0.405,1.1,3.4,0.311,1.4,2.8,0.521,0.491,0.6,0.8,0.72,0.8,3.6,4.4,1.2,0.4,0.3,0.9,1.7,6.7
354,Monte Morris,PG,25,DEN,45,13,25.8,3.9,8.2,0.476,1.1,2.9,0.379,2.8,5.3,0.529,0.543,1.2,1.6,0.789,0.2,1.9,2.1,3.2,0.7,0.3,0.7,1,10.2
355,Mychal Mulder,PG,26,GSW,58,5,12.4,1.9,4.2,0.443,1.3,3.4,0.392,0.5,0.8,0.66,0.602,0.2,0.4,0.619,0.1,0.8,1,0.4,0.2,0.2,0.3,0.9,5.3
356,Dejounte Murray,PG,24,SAS,65,65,31.9,6.6,14.6,0.456,1,3,0.321,5.7,11.5,0.491,0.489,1.6,2,0.797,0.9,6.2,7,5.4,1.5,0.1,1.8,2,15.9
357,Jamal Murray,PG,23,DEN,48,48,35.5,7.9,16.5,0.477,2.7,6.6,0.408,5.2,9.9,0.523,0.559,2.8,3.2,0.869,0.8,3.3,4,4.8,1.3,0.3,2.3,2,21.2
358,Mike Muscala,C,29,OKC,35,0,18.4,3.4,7.6,0.446,1.9,5.3,0.37,1.5,2.4,0.614,0.573,0.9,1,0.917,0.5,3.2,3.8,0.8,0.2,0.3,0.6,1.5,9.7
359,Sviatoslav Mykhailiuk,SF-SG,23,TOT,65,14,20,3.1,7.6,0.407,1.6,4.8,0.329,1.5,2.8,0.538,0.51,0.6,0.8,0.76,0.4,2.1,2.5,1.7,0.8,0.2,1.3,1,8.3
359,Sviatoslav Mykhailiuk,SF,23,DET,36,5,17.6,2.3,6.2,0.377,1.6,4.8,0.333,0.8,1.4,0.519,0.504,0.7,0.8,0.8,0.3,1.8,2.1,1.6,0.8,0.2,1.1,0.9,6.9
359,Sviatoslav Mykhailiuk,SG,23,OKC,29,9,22.9,4,9.3,0.431,1.6,4.8,0.324,2.4,4.5,0.546,0.515,0.5,0.7,0.7,0.4,2.6,3,1.8,0.8,0.2,1.7,1,10
360,Abdel Nader,SF,27,PHO,24,0,14.8,2.4,4.8,0.491,0.8,1.8,0.419,1.6,3,0.534,0.569,1.2,1.5,0.757,0.3,2.3,2.6,0.8,0.4,0.4,0.8,1.4,6.7
361,Larry Nance Jr.,PF,28,CLE,35,27,31.2,3.7,7.8,0.471,1.2,3.3,0.36,2.5,4.5,0.551,0.546,0.9,1.4,0.612,1.5,5.2,6.7,3.1,1.7,0.5,1.6,2.1,9.3
362,Aaron Nesmith,SF,21,BOS,44,1,14.3,1.7,3.7,0.445,0.9,2.3,0.379,0.8,1.4,0.557,0.564,0.5,0.6,0.786,0.6,2.1,2.7,0.5,0.3,0.2,0.5,1.8,4.7
363,Raul Neto,PG,28,WAS,64,22,21.9,3.3,7,0.468,1,2.6,0.39,2.3,4.4,0.512,0.539,1.2,1.3,0.882,0.4,2,2.4,2.3,1.1,0.1,0.8,1.7,8.7
364,Georges Niang,PF,27,UTA,70,10,15.9,2.4,5.6,0.436,1.7,4,0.426,0.7,1.5,0.463,0.59,0.3,0.3,1,0.4,2.1,2.5,0.8,0.3,0.1,0.7,1.6,6.8
365,Zeke Nnaji,PF,20,DEN,40,1,9.1,1.1,2.4,0.474,0.5,1.3,0.377,0.6,1.1,0.595,0.579,0.3,0.4,0.8,0.3,1.1,1.5,0.2,0.2,0.1,0.2,0.7,3.1
366,Nerlens Noel,C,26,NYK,61,38,23.8,2.1,3.5,0.61,0,0,0,2.1,3.4,0.619,0.61,0.8,1.1,0.706,2.2,4.1,6.3,0.8,1,2.1,1.1,2.8,5
367,Jaylen Nowell,SG,21,MIN,41,0,18.2,3.4,8,0.424,1.2,3.6,0.336,2.2,4.5,0.495,0.498,1,1.3,0.811,0.4,1.8,2.3,1.5,0.5,0.3,0.7,1.8,9.1
368,Frank Ntilikina,PG,22,NYK,30,4,10.5,0.9,2.6,0.359,0.7,1.6,0.468,0.2,1,0.194,0.5,0.3,0.6,0.444,0.2,0.8,1,0.6,0.6,0.1,0.4,1.4,2.9
369,Kendrick Nunn,PG,25,MIA,54,42,29.5,5.6,11.7,0.475,2.2,5.8,0.376,3.4,5.9,0.572,0.568,1,1.1,0.932,0.3,2.8,3.2,2.7,1,0.2,1.5,2,14.3
370,James Nunnally,SF,30,NOP,7,0,5.9,0.7,1.9,0.385,0.6,1.7,0.333,0.1,0.1,1,0.538,0.1,0.3,0.5,0.3,0.9,1.1,0.4,0,0,0.1,0.1,2.1
371,Jusuf Nurkić,C,26,POR,35,35,23.8,4.6,9,0.506,0.3,0.8,0.379,4.3,8.2,0.519,0.524,1.9,3,0.629,2.3,6.5,8.9,3.4,1,1,1.9,2.7,11.3
372,David Nwaba,SF,28,HOU,30,9,22.6,3.5,7.3,0.486,0.6,2.1,0.27,3,5.2,0.574,0.525,1.6,2.3,0.691,1.3,2.6,3.9,1,1,0.7,0.6,2,9.2
373,Jordan Nwora,SF,22,MIL,28,2,8.4,1.7,4,0.432,0.9,1.9,0.444,0.9,2,0.421,0.541,0.6,0.8,0.81,0.1,1.5,1.6,0.3,0.5,0.2,0.8,0.7,4.9
374,Royce O'Neale,SF,27,UTA,69,69,31.7,2.5,5.6,0.443,1.5,3.9,0.383,1,1.7,0.583,0.577,0.6,0.6,0.864,1.3,5.6,6.9,2.6,0.8,0.4,1.1,2.6,7
375,Semi Ojeleye,PF,26,BOS,54,13,16.9,1.6,3.9,0.402,1.1,2.8,0.38,0.5,1.1,0.458,0.538,0.4,0.6,0.75,0.5,2,2.6,0.7,0.3,0,0.4,1,4.6
376,Jahlil Okafor,C,25,DET,25,0,12,2.2,3.5,0.625,0.1,0.3,0.286,2.1,3.2,0.654,0.636,0.5,0.8,0.684,0.7,1.6,2.3,0.5,0.2,0.2,0.8,1.4,5
377,Chuma Okeke,PF,22,ORL,45,19,25.2,3,7.2,0.417,1.1,3.1,0.348,1.9,4.1,0.47,0.492,0.7,0.9,0.75,0.9,3.1,4,2.2,1.1,0.5,0.8,1.1,7.8
378,Josh Okogie,SG,22,MIN,56,37,20.7,1.8,4.4,0.399,0.5,1.9,0.26,1.3,2.6,0.5,0.454,1.4,1.8,0.79,1.1,1.6,2.7,1.1,0.9,0.5,0.7,2.1,5.4
379,Onyeka Okongwu,C,20,ATL,48,3,11.5,1.8,2.8,0.639,0,0.1,0,1.8,2.7,0.654,0.639,0.7,1.1,0.654,1.1,1.9,3,0.3,0.4,0.6,0.5,2,4.3
380,Isaac Okoro,SG,20,CLE,65,65,32.3,3.4,8.1,0.424,0.9,3,0.294,2.5,5,0.502,0.479,1.7,2.3,0.741,1,2,3,1.9,1,0.4,1.3,2.8,9.4
381,KZ Okpala,PF,21,MIA,34,9,12,0.9,2.6,0.345,0.4,1.4,0.245,0.5,1.1,0.474,0.414,0.1,0.3,0.3,0.6,1.3,1.8,0.5,0.2,0.3,0.4,1.6,2.2
382,Victor Oladipo,SG,28,TOT,33,33,32.7,7.1,17.5,0.408,2.4,7.2,0.326,4.8,10.2,0.466,0.476,3.2,4.2,0.754,0.4,4.5,4.8,4.6,1.4,0.4,2.5,2.5,19.8
382,Victor Oladipo,SG,28,IND,9,9,33.3,7.1,16.9,0.421,2.8,7.7,0.362,4.3,9.2,0.47,0.503,3,4.1,0.73,0.1,5.6,5.7,4.2,1.7,0.2,2,2.6,20
382,Victor Oladipo,SG,28,HOU,20,20,33.5,7.8,19.1,0.407,2.5,7.7,0.32,5.3,11.4,0.465,0.471,3.3,4.2,0.783,0.4,4.4,4.8,5,1.2,0.5,2.6,2.3,21.2
382,Victor Oladipo,SG,28,MIA,4,4,27.8,4,10.8,0.372,1,4.3,0.235,3,6.5,0.462,0.419,3,4.5,0.667,0.8,2.8,3.5,3.5,1.8,0.5,3.5,3.3,12
383,Cameron Oliver,SF,24,HOU,2,0,21,6.5,10,0.65,1.5,4,0.375,5,6,0.833,0.725,0.5,1.5,0.333,0.5,2,2.5,1.5,1,0.5,0.5,2.5,15
384,Kelly Olynyk,C-PF,29,TOT,68,60,28.6,4.8,9.9,0.488,1.8,5.3,0.343,3,4.6,0.655,0.58,1.9,2.3,0.828,1.3,5.7,7,2.8,1.1,0.6,1.8,2.9,13.4
384,Kelly Olynyk,C,29,MIA,43,38,26.9,3.8,8.7,0.431,1.8,5.7,0.317,2,3.1,0.639,0.533,0.7,0.9,0.775,1,5,6.1,2.1,0.9,0.6,1.3,2.9,10
384,Kelly Olynyk,PF,29,HOU,25,22,31.4,6.6,11.8,0.561,1.8,4.6,0.397,4.8,7.2,0.667,0.639,4,4.7,0.846,1.6,6.9,8.5,3.9,1.4,0.6,2.6,3,19.1
385,Miye Oni,SG,23,UTA,52,0,9.5,0.7,1.9,0.351,0.6,1.7,0.337,0.1,0.2,0.455,0.5,0.1,0.1,0.833,0.4,1.2,1.6,0.5,0.2,0.2,0.3,1.1,2
386,Cedi Osman,SF,25,CLE,57,24,25.5,3.7,9.9,0.371,1.7,5.5,0.306,2,4.4,0.452,0.456,1.3,1.7,0.8,0.6,2.7,3.4,2.9,0.9,0.2,1.3,2,10.4
387,Daniel Oturu,C,21,LAC,27,0,4.1,0.6,1.1,0.517,0,0,0,0.6,1,0.536,0.517,0.2,0.3,0.625,0.4,0.7,1.1,0.3,0,0.1,0.2,0.7,1.3
388,Kelly Oubre Jr.,SF,25,GSW,55,50,30.7,5.8,13.2,0.439,1.6,5.2,0.316,4.1,8,0.519,0.501,2.2,3.2,0.695,1.5,4.5,6,1.3,1,0.8,1.3,2.2,15.4
389,Jabari Parker,PF,25,TOT,11,0,11,1.9,3.5,0.538,0,0.5,0,1.9,3,0.636,0.538,0.3,0.4,0.75,0.8,2.1,2.9,0.6,0.1,0.5,0.8,0.8,4.1
389,Jabari Parker,PF,25,SAC,3,0,9,1.3,2.3,0.571,0,0.3,0,1.3,2,0.667,0.571,0,0,,0.3,1.7,2,0.3,0,0.3,1,1.3,2.7
389,Jabari Parker,PF,25,BOS,8,0,11.8,2.1,4,0.531,0,0.6,0,2.1,3.4,0.63,0.531,0.4,0.5,0.75,1,2.3,3.3,0.8,0.1,0.5,0.8,0.6,4.6
390,Eric Paschall,PF,24,GSW,39,2,17.3,3.7,7.5,0.491,0.4,1.4,0.321,3.3,6.2,0.529,0.52,1.6,2.3,0.719,0.7,2.5,3.2,1.3,0.3,0.2,1.1,1.7,9.5
391,Anžejs Pasečņiks,C,25,WAS,1,0,6,0,1,0,0,1,0,0,0,,0,0,0,,1,0,1,1,0,0,5,2,0
392,Patrick Patterson,PF,31,LAC,36,4,14.2,1.8,4,0.434,1,2.8,0.364,0.8,1.3,0.587,0.559,0.3,0.4,0.75,0.4,1.4,1.9,0.6,0.4,0.2,0.3,1.2,4.8
393,Justin Patton,C,23,HOU,13,6,19,2.2,5.4,0.414,0.7,2.6,0.265,1.5,2.8,0.556,0.479,0.2,0.3,0.75,1.1,2.7,3.8,1.1,0.9,1.1,0.3,2.6,5.4
394,Chris Paul,PG,35,PHO,68,68,31.5,6.2,12.6,0.492,1.5,3.7,0.39,4.7,8.8,0.536,0.55,2.4,2.6,0.933,0.4,4.1,4.5,8.9,1.4,0.3,2.3,2.4,16.3
395,Cameron Payne,PG,26,PHO,57,0,17.7,3,6.3,0.475,1.1,2.7,0.425,1.9,3.6,0.512,0.565,0.8,0.9,0.885,0.3,2.1,2.3,3.5,0.6,0.3,1,1.6,7.9
396,Elfrid Payton,PG,26,NYK,60,60,24.1,4.5,10.2,0.439,0.5,1.6,0.289,4,8.6,0.467,0.462,1.2,1.8,0.682,1.1,2.4,3.5,3.3,0.8,0.2,1.7,1.9,10.6
397,Gary Payton II,PG,28,GSW,10,0,4,1,1.3,0.769,0.2,0.4,0.5,0.8,0.9,0.889,0.846,0.3,0.4,0.75,0.2,0.9,1.1,0.1,0.6,0.1,0.1,0.8,2.5
398,Norvel Pelle,C,27,TOT,13,0,6.5,0.6,1.2,0.533,0,0,,0.6,1.2,0.533,0.533,0.3,0.5,0.667,0.5,1,1.5,0.2,0.1,0.7,0.2,1.1,1.5
398,Norvel Pelle,C,27,BRK,3,0,9.3,1,2.3,0.429,0,0,,1,2.3,0.429,0.429,0,0,,1,1.3,2.3,0,0,1,1,3,2
398,Norvel Pelle,C,27,SAC,1,0,4,0,1,0,0,0,,0,1,0,0,3,4,0.75,1,0,1,1,0,0,0,1,3
398,Norvel Pelle,C,27,NYK,9,0,5.8,0.6,0.8,0.714,0,0,,0.6,0.8,0.714,0.714,0.1,0.2,0.5,0.2,1,1.2,0.1,0.1,0.7,0,0.4,1.2
399,Reggie Perry,PF,20,BRK,24,0,8.5,1.3,3.2,0.421,0.2,0.9,0.19,1.2,2.3,0.509,0.447,0.4,0.5,0.769,1.1,1.8,2.9,0.6,0.3,0.3,0.6,1.5,3.3
400,Theo Pinson,SG,25,NYK,17,0,2,0.1,0.5,0.111,0,0.5,0,0.1,0.1,1,0.111,0,0,,0,0.3,0.3,0.1,0,0,0.1,0.2,0.1
401,Mason Plumlee,C,30,DET,56,56,26.8,4.2,6.8,0.614,0,0.1,0,4.2,6.7,0.626,0.614,2,3,0.669,2.6,6.7,9.3,3.6,0.8,0.9,1.9,3.3,10.4
402,Jakob Poeltl,C,25,SAS,67,49,26.6,3.8,6.1,0.619,0,0,,3.8,6.1,0.619,0.619,0.9,1.8,0.512,3.2,4.7,7.9,2,0.7,1.7,1.2,2.5,8.5
403,Vincent Poirier,C,27,PHI,10,0,3.9,0.3,1.2,0.25,0,0.1,0,0.3,1.1,0.273,0.25,0.2,0.6,0.333,0.6,0.8,1.4,0.2,0,0.3,0.4,0.8,0.8
404,Aleksej Pokusevski,PF,19,OKC,43,26,23.7,2.9,8.8,0.332,1.2,4.6,0.265,1.7,4.3,0.404,0.401,0.7,0.9,0.737,0.7,3.8,4.5,2.2,0.4,1,2,1.3,7.7
405,Jordan Poole,SG,21,GSW,49,6,19,3.8,9,0.424,1.8,5.3,0.346,2,3.7,0.536,0.526,1.9,2.2,0.877,0.3,1.5,1.7,1.9,0.5,0.2,0.9,1.7,11.4
406,Jontay Porter,PF,21,MEM,10,0,3.3,0.5,1.2,0.417,0.2,0.7,0.286,0.3,0.5,0.6,0.5,0.3,0.3,1,0.2,0.9,1.1,0.1,0.2,0,0.6,0.8,1.5
407,Kevin Porter Jr.,SG,20,HOU,26,23,32.1,6,14.1,0.425,1.9,6.2,0.311,4.1,7.9,0.515,0.493,2.7,3.6,0.734,0.8,3,3.8,6.3,0.7,0.3,3.5,2.3,16.6
408,Michael Porter Jr.,SF,22,DEN,59,52,31.8,7.4,13.5,0.548,2.8,6.3,0.45,4.6,7.3,0.632,0.652,1.8,2.2,0.788,1.5,5.9,7.4,1.1,0.7,0.9,1.3,2.1,19.4
409,Otto Porter,SF-PF,27,TOT,28,6,21.6,3.5,8.1,0.432,1.4,3.7,0.375,2.1,4.4,0.48,0.518,1.3,1.5,0.857,1,4.4,5.4,2,0.6,0.1,0.9,1.5,9.7
409,Otto Porter,SF,27,CHI,25,6,21.6,3.6,8.1,0.441,1.5,3.8,0.4,2,4.3,0.477,0.535,1.2,1.5,0.838,1.1,4.4,5.5,2,0.5,0.2,1,1.5,9.9
409,Otto Porter,PF,27,ORL,3,0,22,3,8.3,0.36,0.3,3,0.111,2.7,5.3,0.5,0.38,1.7,1.7,1,0,4.7,4.7,1.7,1.3,0,0,1.3,8
410,Bobby Portis,C,25,MIL,64,7,20.9,4.7,9.1,0.519,1.1,2.4,0.467,3.6,6.8,0.537,0.58,0.8,1.1,0.729,1.9,5.3,7.2,1.1,0.8,0.4,0.9,1.7,11.4
411,Kristaps Porziņģis,C,25,DAL,41,41,30.9,7.6,16,0.474,2.2,6,0.363,5.4,9.9,0.542,0.543,2.8,3.3,0.853,1.9,7.1,9,1.6,0.5,1.4,1.2,2.7,20.1
412,Dwight Powell,C,29,DAL,56,17,16.3,2.1,3.4,0.622,0.1,0.4,0.238,2,3,0.671,0.636,1.6,2.1,0.776,1.4,2.6,4,1,0.6,0.5,0.7,2.3,5.9
413,Norman Powell,SG-SF,27,TOT,67,56,31.8,6.4,13.4,0.477,2.5,6.1,0.407,3.9,7.3,0.535,0.569,3.4,3.9,0.867,0.6,2.5,3.1,1.9,1.2,0.3,1.7,2.4,18.7
413,Norman Powell,SG,27,TOR,42,31,30.4,6.7,13.5,0.498,2.8,6.4,0.439,3.9,7.1,0.552,0.602,3.4,3.9,0.865,0.5,2.5,3,1.8,1.1,0.2,1.8,2.3,19.6
413,Norman Powell,SF,27,POR,25,25,34.2,5.9,13.4,0.44,1.9,5.6,0.345,4,7.8,0.508,0.512,3.5,4,0.87,0.9,2.4,3.3,1.9,1.3,0.4,1.5,2.4,17.2
414,Taurean Prince,PF,26,TOT,41,10,22.1,3.2,8,0.401,1.5,3.8,0.4,1.7,4.2,0.401,0.495,1.6,1.9,0.855,0.5,3,3.5,1.9,0.7,0.6,1.1,1.8,9.5
414,Taurean Prince,PF,26,BRK,12,4,18.2,2.5,6.2,0.405,1.1,3.1,0.351,1.4,3.1,0.459,0.493,2,2.3,0.889,0.2,2.7,2.8,0.6,0.7,0.7,0.9,1.8,8.1
414,Taurean Prince,PF,26,CLE,29,6,23.7,3.5,8.7,0.399,1.7,4.1,0.415,1.8,4.7,0.385,0.496,1.4,1.7,0.837,0.6,3.1,3.7,2.4,0.7,0.5,1.2,1.9,10.1
415,Payton Pritchard,SG,23,BOS,64,2,19,2.8,6.2,0.449,1.5,3.6,0.416,1.3,2.5,0.497,0.572,0.6,0.7,0.889,0.5,1.8,2.3,1.8,0.5,0.1,0.8,1.6,7.7
416,Immanuel Quickley,PG,21,NYK,61,3,19.6,3.7,9.2,0.399,1.9,4.8,0.397,1.8,4.4,0.401,0.503,2.5,2.8,0.889,0.4,1.8,2.2,2.1,0.5,0.2,0.9,1.8,11.7
417,Jahmi'us Ramsey,SG,19,SAC,11,0,3.9,0.6,1.5,0.412,0.2,0.8,0.222,0.5,0.7,0.625,0.471,0.2,0.2,1,0.1,0.5,0.5,0.3,0.3,0.1,0.2,0.1,1.6
418,Chasson Randle,PG,27,ORL,38,5,19.9,2.1,5.6,0.384,1.1,3.1,0.345,1.1,2.5,0.432,0.479,0.8,1.1,0.78,0.2,1.8,1.9,1.8,0.5,0.1,1.1,1.5,6.2
419,Julius Randle,PF,26,NYK,68,68,37.3,8.5,18.5,0.459,2.3,5.4,0.415,6.3,13.1,0.478,0.52,4.8,5.9,0.81,1.2,9,10.3,5.9,0.9,0.3,3.4,3.2,24
420,Cam Reddish,SF,21,ATL,26,21,28.8,3.7,10.1,0.365,1.3,4.8,0.262,2.4,5.3,0.46,0.428,2.6,3.2,0.817,0.8,3.2,4,1.3,1.3,0.3,1.3,2.6,11.2
421,J.J. Redick,SG,36,TOT,44,0,16.4,2.4,6.1,0.397,1.5,4,0.371,0.9,2,0.449,0.521,1.1,1.2,0.942,0.1,1.4,1.5,1.2,0.3,0.1,0.8,1.1,7.4
421,J.J. Redick,SG,36,NOP,31,0,18.6,2.8,6.9,0.407,1.6,4.5,0.364,1.2,2.4,0.486,0.526,1.5,1.5,0.957,0.1,1.6,1.7,1.3,0.3,0.1,0.8,1.2,8.7
421,J.J. Redick,SG,36,DAL,13,0,11.3,1.5,4.1,0.358,1.2,2.9,0.395,0.3,1.2,0.267,0.5,0.3,0.4,0.8,0.1,0.8,0.9,0.8,0.2,0.1,0.8,1,4.4
422,Paul Reed,PF,21,PHI,23,0,6.2,1.3,2.5,0.534,0,0.3,0,1.3,2.3,0.596,0.534,0,0.2,0.25,0.9,1,1.9,0.3,0.3,0.5,0.4,1,2.7
423,Naz Reid,C,21,MIN,67,15,19.1,4.3,8.2,0.522,0.9,2.5,0.349,3.4,5.8,0.596,0.574,1.7,2.3,0.707,1.1,3.4,4.6,1,0.5,1.1,1,2.5,11.1
424,Cameron Reynolds,SF,25,SAS,3,0,2,0.3,0.7,0.5,0,0,,0.3,0.7,0.5,0.5,0,0,,0,0,0,0,0,0,0,0,0.7
425,Nick Richards,PF,23,CHO,18,0,3.5,0.2,0.5,0.444,0,0.1,0,0.2,0.4,0.5,0.444,0.4,0.6,0.636,0.2,0.4,0.6,0.1,0,0,0.2,0.4,0.8
426,Josh Richardson,SG,27,DAL,57,56,30.6,4.5,10.5,0.43,1.5,4.6,0.326,3,5.9,0.512,0.502,1.7,1.8,0.913,0.8,2.5,3.3,2.6,1.1,0.4,1.3,2.2,12.2
427,Grant Riller,PG,23,CHO,6,0,3.8,1.3,1.8,0.727,0.3,0.7,0.5,1,1.2,0.857,0.818,0,0,,0,0.2,0.2,0.5,0.2,0,0.2,0,3
428,Austin Rivers,SG,28,TOT,33,4,23.3,2.9,6.8,0.426,1.5,4.1,0.366,1.4,2.7,0.517,0.536,0.7,0.9,0.71,0.2,2,2.2,2.2,0.9,0.1,0.9,1.7,7.9
428,Austin Rivers,SG,28,NYK,21,2,21,2.8,6.4,0.43,1.3,3.7,0.364,1.4,2.8,0.517,0.533,0.5,0.7,0.714,0.2,2,2.2,2,0.6,0,1,1.5,7.3
428,Austin Rivers,SG,28,DEN,12,2,27.3,3.1,7.3,0.42,1.8,4.8,0.368,1.3,2.6,0.516,0.54,1,1.4,0.706,0.2,2.1,2.3,2.7,1.4,0.2,0.8,2,8.9
429,Andre Roberson,SG,29,BRK,5,0,12.6,0.4,2.8,0.143,0.2,1.6,0.125,0.2,1.2,0.167,0.179,0.2,0.4,0.5,1.4,1.6,3,0.8,0.6,0.2,0.4,0.8,1.2
430,Duncan Robinson,SF,26,MIA,69,69,31.7,4.4,10,0.442,3.5,8.6,0.41,0.9,1.4,0.63,0.617,0.9,1.1,0.827,0.1,3.4,3.5,1.8,0.6,0.2,1.1,2.5,13.2
431,Glenn Robinson III,SF,27,SAC,23,2,16,1.8,4.3,0.424,0.7,1.9,0.364,1.1,2.4,0.473,0.505,0.9,1,0.913,0.5,1.5,2,0.9,0.2,0.1,0.5,1,5.3
432,Jerome Robinson,SG,23,WAS,17,6,17.9,1.6,5.6,0.295,0.6,2.5,0.262,1,3.1,0.321,0.353,0.9,1.2,0.8,0.2,2,2.2,1.5,0.7,0.4,1.1,1.8,4.9
433,Justin Robinson,PG,23,OKC,9,0,9.8,0.8,2.3,0.333,0.4,1.6,0.286,0.3,0.8,0.429,0.429,0.3,0.6,0.6,0.1,0.7,0.8,1,0.3,0,0.2,1.1,2.3
434,Mitchell Robinson,C,22,NYK,31,29,27.5,3.7,5.7,0.653,0,0,,3.7,5.7,0.653,0.653,0.8,1.7,0.491,3.6,4.5,8.1,0.5,1.1,1.5,0.8,2.8,8.3
435,Isaiah Roby,PF,22,OKC,59,32,23.6,3.4,7,0.482,0.5,1.8,0.299,2.8,5.2,0.546,0.521,1.5,2,0.744,1.5,4.2,5.7,1.8,0.9,0.6,1.9,2.7,8.8
436,Rajon Rondo,PG,34,TOT,43,2,16.8,2,4.7,0.438,0.7,1.9,0.39,1.3,2.8,0.471,0.517,0.4,0.4,0.941,0.4,2,2.4,4.2,0.8,0.1,1.7,1.2,5.2
436,Rajon Rondo,PG,34,ATL,27,2,14.9,1.6,4.1,0.4,0.6,1.7,0.378,1,2.4,0.415,0.477,0,0.1,0.5,0.1,1.9,2,3.5,0.7,0.1,1.4,0.9,3.9
436,Rajon Rondo,PG,34,LAC,16,0,19.9,2.8,5.7,0.484,0.9,2.3,0.405,1.8,3.4,0.537,0.566,0.9,0.9,1,0.9,2.1,3,5.4,1.1,0.1,2.1,1.7,7.4
437,Derrick Rose,PG,32,TOT,48,3,25.6,5.8,12.4,0.469,1,2.6,0.386,4.8,9.7,0.491,0.51,2.2,2.6,0.863,0.4,2.2,2.6,4.3,1,0.4,1.6,1.1,14.8
437,Derrick Rose,PG,32,DET,15,0,22.8,5.3,12.3,0.429,0.9,2.6,0.333,4.4,9.7,0.455,0.465,2.8,3.3,0.84,0.4,1.5,1.9,4.2,1.2,0.3,1.9,1.1,14.2
437,Derrick Rose,PG,32,NYK,33,3,26.9,6,12.4,0.487,1.1,2.7,0.409,4.9,9.7,0.508,0.531,2,2.2,0.878,0.3,2.5,2.9,4.3,0.9,0.5,1.4,1.1,15.1
438,Terrence Ross,SG,29,ORL,46,2,29.3,5.5,13.4,0.412,1.9,5.7,0.337,3.6,7.7,0.469,0.485,2.6,3,0.87,0.3,3.1,3.4,2.3,1,0.5,1.6,1.9,15.6
439,Terry Rozier,SG,26,CHO,66,66,34.3,7.5,16.5,0.455,3.3,8.3,0.394,4.2,8.1,0.518,0.555,2.3,2.9,0.82,0.7,3.6,4.3,4.2,1.2,0.4,1.8,1.7,20.6
440,Ricky Rubio,PG,30,MIN,65,49,26.2,2.9,7.4,0.392,1,3.1,0.314,1.9,4.2,0.449,0.458,2,2.3,0.867,0.4,2.8,3.2,6.4,1.5,0.1,1.7,2.1,8.8
441,D'Angelo Russell,PG,24,MIN,39,23,28.2,6.8,15.7,0.432,2.9,7.4,0.394,3.8,8.3,0.466,0.525,2.6,3.4,0.78,0.4,2.3,2.7,5.8,1,0.4,2.7,1.6,19.1
442,Domantas Sabonis,PF,24,IND,60,60,36.1,7.8,14.5,0.539,0.9,2.6,0.325,6.9,11.8,0.586,0.568,4,5.5,0.732,2.4,9.6,12,6.6,1.2,0.6,3.4,3.3,20.4
443,Luka Šamanić,PF,21,SAS,33,4,9.3,1.4,3.2,0.448,0.4,1.3,0.279,1.1,1.9,0.565,0.505,0.5,0.9,0.552,0.5,1.6,2.1,0.5,0.2,0.2,0.6,1.3,3.7
444,JaKarr Sampson,PF,27,IND,26,4,10.2,1.6,3.3,0.471,0.1,0.5,0.25,1.5,2.9,0.507,0.489,0.6,1,0.6,0.8,1.7,2.5,0.1,0.1,0.5,0.5,1.8,3.8
445,Dario Šarić,C,26,PHO,47,1,16.9,3,6.6,0.452,1,2.7,0.354,2,3.9,0.519,0.524,1.6,1.8,0.86,0.9,2.8,3.7,1.3,0.5,0.1,1.1,1.9,8.5
446,Tomáš Satoranský,SG,29,CHI,57,18,22.6,2.9,5.7,0.511,0.7,2.1,0.356,2.2,3.6,0.599,0.575,1.2,1.4,0.848,0.5,1.9,2.5,4.7,0.7,0.2,1.6,1.5,7.7
447,Dennis Schröder,SG,27,LAL,59,59,32.2,5.5,12.5,0.438,1.1,3.4,0.335,4.4,9.2,0.476,0.483,3.4,4,0.844,0.5,3,3.5,5.8,1.2,0.2,2.7,2.6,15.5
448,Mike Scott,PF,32,PHI,48,12,16.7,1.5,4,0.361,1,3,0.34,0.4,1,0.42,0.487,0.2,0.3,0.667,0.2,2.2,2.4,0.7,0.5,0.2,0.4,1.4,4.1
449,Jay Scrubb,SG,20,LAC,1,0,4,0,2,0,0,0,,0,2,0,0,0,0,,0,0,0,0,0,0,1,0,0
450,Collin Sexton,SG,22,CLE,58,58,35.6,8.8,18.6,0.475,1.6,4.4,0.371,7.2,14.2,0.507,0.519,5.2,6.4,0.808,1,2.2,3.2,4.4,1.1,0.2,2.8,2.6,24.4
451,Landry Shamet,SG,23,BRK,59,11,22.9,3,7.5,0.407,2.1,5.4,0.384,0.9,2,0.467,0.547,1.1,1.3,0.846,0.2,1.7,1.8,1.6,0.5,0.2,0.8,1.5,9.3
452,Iman Shumpert,SG,30,BRK,2,0,5.5,0.5,2,0.25,0,1.5,0,0.5,0.5,1,0.25,0,0,,0.5,0,0.5,0,0.5,0,0.5,0,1
453,Pascal Siakam,PF,26,TOR,56,56,35.8,7.8,17.2,0.455,1.3,4.4,0.297,6.5,12.8,0.509,0.493,4.4,5.4,0.827,1.7,5.5,7.2,4.5,1.1,0.7,2.3,3.1,21.4
454,Chris Silva,PF,24,TOT,15,0,6.1,0.7,1.1,0.625,0.1,0.1,1,0.6,1,0.6,0.656,0.7,1,0.733,0.5,1.3,1.8,0.4,0.1,0.4,0.7,1.6,2.1
454,Chris Silva,PF,24,MIA,11,0,7.5,0.8,1.2,0.692,0.1,0.1,1,0.7,1.1,0.667,0.731,1,1.4,0.733,0.6,1.6,2.3,0.5,0.1,0.5,0.8,1.8,2.7
454,Chris Silva,PF,24,SAC,4,0,2.3,0.3,0.8,0.333,0,0,,0.3,0.8,0.333,0.333,0,0,,0,0.5,0.5,0,0,0.3,0.3,1,0.5
455,Ben Simmons,PG,24,PHI,56,56,32.6,5.7,10.2,0.557,0.1,0.2,0.3,5.6,10,0.562,0.56,3.1,5,0.606,1.6,5.7,7.4,6.9,1.6,0.6,3.1,3,14.4
456,Anfernee Simons,SG,21,POR,62,0,17.2,2.6,6.3,0.417,1.9,4.4,0.425,0.8,1.9,0.398,0.566,0.7,0.9,0.8,0.2,2,2.2,1.4,0.3,0.1,0.7,1.5,7.9
457,Deividas Sirvydis,SG,20,DET,19,0,6,0.4,1.5,0.276,0.3,1.1,0.286,0.1,0.4,0.25,0.379,0.2,0.3,0.5,0,1.5,1.5,0.3,0.1,0,0.2,0.5,1.3
458,Alen Smailagić,PF,20,GSW,14,1,4.6,0.6,1.5,0.429,0.2,0.5,0.429,0.4,1,0.429,0.5,0.1,0.4,0.333,0.4,0.6,1,0.2,0.1,0.4,0.3,0.6,1.6
459,Marcus Smart,PG,26,BOS,48,45,32.9,4.2,10.6,0.398,1.9,5.9,0.33,2.3,4.8,0.482,0.489,2.7,3.4,0.79,0.8,2.7,3.5,5.7,1.5,0.5,2,2.6,13.1
460,Dennis Smith Jr.,PG,23,TOT,23,9,18.3,2.5,6.3,0.4,0.8,2.5,0.328,1.7,3.8,0.448,0.466,0.8,1.1,0.731,0.5,1.9,2.4,3.3,1,0.6,1.1,1.6,6.7
460,Dennis Smith Jr.,PG,23,NYK,3,0,9.3,0.7,3.3,0.2,0,1.3,0,0.7,2,0.333,0.2,1.7,2,0.833,0,0.7,0.7,1,1,0,0.3,1.3,3
460,Dennis Smith Jr.,PG,23,DET,20,9,19.6,2.8,6.8,0.415,1,2.7,0.352,1.9,4.1,0.457,0.485,0.7,1,0.7,0.6,2.1,2.7,3.7,1,0.7,1.3,1.7,7.3
461,Ish Smith,PG,32,WAS,42,1,20.6,2.8,6.6,0.424,0.4,1.1,0.375,2.4,5.4,0.434,0.457,0.4,0.7,0.581,0.5,2.8,3.3,3.9,0.7,0.3,0.9,1.4,6.4
462,Jalen Smith,PF,20,PHO,25,0,4.1,0.6,1.4,0.441,0.1,0.5,0.25,0.5,0.9,0.545,0.485,0.2,0.3,0.714,0.2,0.6,0.9,0.1,0,0.1,0.2,0.5,1.5
463,Tony Snell,SG,29,ATL,46,23,21.1,1.8,3.6,0.512,1.3,2.4,0.569,0.5,1.2,0.4,0.701,0.2,0.2,1,0.4,2,2.4,1.3,0.2,0.2,0.4,1.6,5.2
464,Ray Spalding,C,23,HOU,2,0,9.5,1,2,0.5,0,0.5,0,1,1.5,0.667,0.5,0,1,0,1,1,2,0,0,1,1.5,1.5,2
465,Cassius Stanley,SG,21,IND,22,0,3.8,0.6,1.8,0.333,0.1,0.5,0.25,0.5,1.2,0.37,0.372,0.3,0.4,0.778,0.3,0.5,0.9,0,0,0.1,0,0.5,1.6
466,Lamar Stevens,PF,23,CLE,40,0,12.5,1.6,3.4,0.456,0.1,0.6,0.16,1.5,2.8,0.523,0.471,0.9,1.3,0.725,0.6,1.8,2.4,0.6,0.4,0.3,0.6,1.3,4.1
467,Isaiah Stewart,C,19,DET,68,14,21.4,3.3,6,0.553,0.3,0.9,0.333,3,5.1,0.592,0.578,0.9,1.4,0.696,2.3,4.3,6.7,0.9,0.6,1.3,1,2.7,7.9
468,Max Strus,SF,24,MIA,36,0,13,2.1,4.7,0.456,1.3,3.8,0.341,0.9,0.9,0.912,0.592,0.4,0.6,0.65,0.1,0.9,1,0.6,0.3,0,0.2,1.2,5.9
469,Edmond Sumner,SG,25,IND,53,24,16.2,2.8,5.3,0.525,0.7,1.7,0.398,2.1,3.7,0.582,0.587,1.3,1.6,0.819,0.3,1.4,1.8,0.9,0.6,0.2,1,1.7,7.5
470,Jae'Sean Tate,SF,25,HOU,68,56,29.3,4.5,8.9,0.503,0.8,2.8,0.298,3.7,6.2,0.595,0.549,1.5,2.1,0.702,1.9,3.5,5.4,2.5,1.3,0.5,1.3,3.2,11.3
471,Jayson Tatum,SF,22,BOS,63,63,35.9,9.5,20.6,0.46,2.9,7.5,0.386,6.6,13.1,0.503,0.531,4.6,5.3,0.865,0.8,6.6,7.3,4.3,1.2,0.5,2.7,1.9,26.4
472,Jeff Teague,PG,32,TOT,53,6,17.1,2.2,5,0.431,0.6,1.5,0.403,1.6,3.6,0.442,0.489,1.5,1.8,0.849,0.3,1.3,1.6,2.3,0.6,0.2,1.1,1.1,6.4
472,Jeff Teague,PG,32,BOS,34,5,18.1,2.3,5.5,0.415,0.8,1.6,0.464,1.5,3.9,0.394,0.484,1.5,1.8,0.836,0.3,1.4,1.7,2.1,0.8,0.2,1.1,1.3,6.9
472,Jeff Teague,PG,32,MIL,19,1,15.3,1.9,4.2,0.468,0.3,1.1,0.238,1.7,3.1,0.552,0.5,1.5,1.7,0.875,0.3,1.2,1.4,2.7,0.3,0.2,1.1,0.7,5.6
473,Garrett Temple,SG,34,CHI,53,23,27.3,2.8,6.9,0.415,1.2,3.6,0.335,1.6,3.3,0.503,0.503,0.8,0.9,0.8,0.5,2.4,2.9,2.2,0.8,0.5,1,2.3,7.7
474,Tyrell Terry,PG,20,DAL,11,0,5.1,0.5,1.5,0.313,0,0.6,0,0.5,0.8,0.556,0.313,0.1,0.3,0.333,0,0.5,0.5,0.5,0.5,0,0.2,0.2,1
475,Daniel Theis,C,28,TOT,65,51,24.6,3.9,7.2,0.541,0.8,2.3,0.322,3.1,4.8,0.646,0.593,1.1,1.7,0.673,1.4,4,5.5,1.7,0.6,0.9,1,2.6,9.6
475,Daniel Theis,C,28,BOS,42,37,24.5,3.8,6.9,0.552,0.8,2.3,0.347,3,4.6,0.653,0.609,1.1,1.6,0.687,1.3,4,5.2,1.6,0.6,1,1,2.9,9.5
475,Daniel Theis,C,28,CHI,23,14,25,4,7.7,0.522,0.7,2.5,0.281,3.3,5.3,0.636,0.567,1.2,1.9,0.651,1.7,4.2,5.9,1.8,0.7,0.6,1.1,2,10
476,Brodric Thomas,SG,24,TOT,30,1,11.5,1.1,3.1,0.348,0.5,1.7,0.294,0.6,1.4,0.415,0.429,0.9,1.2,0.703,0.2,1.4,1.6,0.9,0.3,0.3,0.7,1.2,3.5
476,Brodric Thomas,SG,24,HOU,4,0,6,0.5,1.8,0.286,0.3,1.5,0.167,0.3,0.3,1,0.357,1.3,1.8,0.714,0.3,0.8,1,1,0.3,0.3,1,1.3,2.5
476,Brodric Thomas,SG,24,CLE,26,1,12.3,1.2,3.3,0.353,0.5,1.7,0.311,0.6,1.5,0.4,0.435,0.8,1.2,0.7,0.2,1.5,1.7,0.9,0.3,0.3,0.7,1.2,3.7
477,Isaiah Thomas,PG,31,NOP,3,0,16,3,9,0.333,1,4,0.25,2,5,0.4,0.389,0.7,0.7,1,0.3,1,1.3,1.7,0.3,0,2,1,7.7
478,Khyri Thomas,SG,24,HOU,4,1,30.8,6,13.8,0.436,2,6.5,0.308,4,7.3,0.552,0.509,2.3,2.3,1,1.3,2.5,3.8,5,2.3,0.8,1,1.8,16.3
479,Matt Thomas,SG,26,TOT,43,0,7.4,1.2,2.9,0.403,0.6,1.8,0.342,0.5,1,0.511,0.512,0.3,0.3,0.857,0.2,0.8,1,0.4,0.1,0,0.3,0.4,3.2
479,Matt Thomas,SG,26,TOR,26,0,7.4,0.9,2.4,0.387,0.7,1.6,0.415,0.3,0.8,0.333,0.524,0.2,0.3,0.857,0.1,0.7,0.8,0.3,0.1,0,0.2,0.4,2.7
479,Matt Thomas,SG,26,UTA,17,0,7.4,1.5,3.6,0.419,0.6,2.2,0.263,0.9,1.4,0.667,0.5,0.4,0.4,0.857,0.2,0.9,1.2,0.6,0.1,0,0.4,0.4,4
480,Tristan Thompson,PF,29,BOS,54,43,23.8,3.1,6,0.518,0,0.1,0,3.1,6,0.523,0.518,1.3,2.2,0.592,3.1,5,8.1,1.2,0.4,0.6,1.1,2.2,7.6
481,Sindarius Thornwell,SG,26,TOT,18,1,8.1,0.6,1.9,0.294,0.3,0.9,0.313,0.3,1,0.278,0.368,0,0.1,0,0.1,0.4,0.6,0.6,0.7,0.1,0.3,0.6,1.4
481,Sindarius Thornwell,SG,26,NOP,14,1,5.2,0.5,1.5,0.333,0.2,0.6,0.333,0.3,0.9,0.333,0.405,0,0.1,0,0.1,0.3,0.4,0.3,0.4,0.1,0.3,0.2,1.2
481,Sindarius Thornwell,SG,26,ORL,4,0,18.3,0.8,3.3,0.231,0.5,1.8,0.286,0.3,1.5,0.167,0.308,0,0,,0.3,1,1.3,1.5,1.8,0.3,0.5,1.8,2
482,Matisse Thybulle,SG,23,PHI,65,8,20,1.6,3.7,0.42,0.7,2.2,0.301,0.9,1.5,0.59,0.508,0.1,0.3,0.444,0.5,1.4,1.9,1,1.6,1.1,0.5,2,3.9
483,Killian Tillie,C,22,MEM,17,0,8.5,0.8,2.6,0.318,0.4,1.6,0.259,0.4,1,0.412,0.398,0.4,0.4,0.857,0.4,0.7,1.1,0.4,0.3,0.5,0.1,1.1,2.4
484,Xavier Tillman Sr.,PF,22,MEM,56,11,18.7,2.9,5.2,0.552,0.4,1.2,0.338,2.5,4,0.613,0.59,0.6,0.9,0.653,1.3,3.1,4.4,1.3,0.8,0.6,0.7,2,6.7
485,Anthony Tolliver,PF,35,PHI,8,0,9.8,0.1,1.5,0.083,0.1,1.1,0.111,0,0.4,0,0.125,0.6,0.8,0.833,0.4,0.8,1.1,0.3,0.4,0.3,0.4,0.8,1
486,Obi Toppin,PF,22,NYK,59,0,11.2,1.7,3.4,0.493,0.4,1.4,0.301,1.3,2,0.625,0.554,0.3,0.4,0.731,0.4,1.9,2.3,0.5,0.3,0.2,0.4,0.9,4.1
487,Juan Toscano-Anderson,SG,27,GSW,51,15,20.5,2.2,3.8,0.585,0.7,1.7,0.412,1.5,2.2,0.718,0.674,0.4,0.6,0.69,0.5,3.8,4.4,2.7,0.8,0.5,1.1,2.1,5.5
488,Axel Toupane,SF,28,MIL,8,1,7.6,0.5,1.4,0.364,0.1,0.3,0.5,0.4,1.1,0.333,0.409,0.6,0.9,0.714,0,0.8,0.8,0.5,0.3,0.4,0,0.8,1.8
489,Karl-Anthony Towns,C,25,MIN,47,47,33.9,8.6,17.6,0.489,2.5,6.4,0.391,6.1,11.2,0.545,0.56,5.3,6.1,0.861,2.6,8,10.5,4.6,0.8,1.2,3.2,3.7,24.9
490,Gary Trent Jr.,SG,22,TOT,58,38,31.1,5.5,13.5,0.408,2.8,7.4,0.385,2.7,6.1,0.435,0.513,1.4,1.8,0.783,0.5,2.2,2.6,1.4,1,0.2,0.7,1.6,15.3
490,Gary Trent Jr.,SG,22,POR,41,23,30.8,5.3,12.8,0.414,3,7.4,0.397,2.3,5.3,0.438,0.53,1.4,1.8,0.773,0.5,1.7,2.2,1.4,0.9,0.1,0.8,1.5,15
490,Gary Trent Jr.,SG,22,TOR,17,15,31.8,6.1,15.4,0.395,2.6,7.3,0.355,3.5,8.1,0.431,0.479,1.5,1.8,0.806,0.4,3.2,3.6,1.3,1.1,0.2,0.7,1.7,16.2
491,P.J. Tucker,PF,35,TOT,50,33,26.3,1.3,3.4,0.38,0.8,2.3,0.348,0.5,1.1,0.446,0.497,0.4,0.5,0.75,1,3,4,1.2,0.8,0.4,0.8,2.5,3.8
491,P.J. Tucker,PF,35,HOU,32,32,30,1.5,4.1,0.366,0.8,2.7,0.314,0.7,1.4,0.467,0.469,0.6,0.7,0.783,1,3.6,4.6,1.4,0.9,0.6,1,2.8,4.4
491,P.J. Tucker,PF,35,MIL,18,1,19.7,0.9,2.2,0.425,0.7,1.6,0.448,0.2,0.6,0.364,0.588,0,0.1,0,0.9,1.9,2.9,0.7,0.5,0.1,0.4,1.8,2.6
492,Rayjon Tucker,PG,23,PHI,13,0,3.8,0.4,1,0.385,0.2,0.5,0.286,0.2,0.5,0.5,0.462,0.9,1.1,0.857,0.1,0.6,0.7,0.4,0.2,0,0.2,0.5,1.8
493,Myles Turner,C,24,IND,47,47,31,4.4,9.2,0.477,1.5,4.4,0.335,2.9,4.8,0.606,0.557,2.4,3,0.782,1.3,5.2,6.5,1,0.9,3.4,1.4,3.5,12.6
494,Jonas Valančiūnas,C,28,MEM,60,59,28.1,7,12,0.585,0.4,1,0.368,6.7,11,0.604,0.6,2.4,3.2,0.762,4.1,8.4,12.5,1.8,0.6,0.9,1.6,2.9,16.8
495,Denzel Valentine,SG,27,CHI,60,3,16.7,2.5,6.7,0.38,1.3,3.9,0.332,1.2,2.8,0.448,0.478,0.3,0.3,0.941,0.4,2.8,3.2,1.7,0.5,0.1,0.7,1.1,6.6
496,Jarred Vanderbilt,PF,21,MIN,61,28,17.7,2.2,3.6,0.606,0,0.1,0.25,2.2,3.6,0.613,0.609,0.9,1.6,0.561,1.8,3.9,5.7,1.2,1,0.7,0.9,2,5.3
497,Fred VanVleet,SG,26,TOR,52,52,36.5,6.5,16.7,0.389,3.3,9.2,0.366,3.2,7.6,0.416,0.489,3.3,3.7,0.885,0.6,3.6,4.2,6.3,1.7,0.7,1.8,2.3,19.6
498,Anderson Varejão,C,38,CLE,4,0,7.8,0.8,3.8,0.2,0,0.3,0,0.8,3.5,0.214,0.2,1,2,0.5,1.5,2.8,4.3,0.8,0,0.3,0.3,0.8,2.5
499,Devin Vassell,SF,20,SAS,59,6,16.7,1.9,4.7,0.412,0.9,2.4,0.364,1.1,2.3,0.46,0.504,0.7,0.8,0.837,0.4,2.4,2.7,0.8,0.7,0.3,0.3,1.4,5.4
500,Gabe Vincent,PG,24,MIA,47,6,13.1,1.7,4.7,0.373,0.9,3,0.305,0.8,1.7,0.494,0.47,0.4,0.5,0.87,0.2,0.9,1.1,1.2,0.4,0,0.6,1.6,4.8
501,Noah Vonleh,PF,25,BRK,4,0,2.8,0,0.8,0,0,0.5,0,0,0.3,0,0,0,0,,0,0.3,0.3,0.3,0,0,0.5,0.5,0
502,Nikola Vučević,C,30,TOT,68,68,33.6,9.6,20,0.482,2.6,6.3,0.409,7.1,13.7,0.515,0.546,1.9,2.3,0.838,2.1,9.5,11.6,3.8,1,0.7,1.8,1.9,23.7
502,Nikola Vučević,C,30,ORL,44,44,34.1,9.9,20.6,0.48,2.7,6.5,0.406,7.3,14.1,0.515,0.545,2.1,2.5,0.827,2,9.8,11.8,3.8,1,0.6,1.9,1.8,24.5
502,Nikola Vučević,C,30,CHI,24,24,32.7,9.1,18.8,0.486,2.4,5.7,0.416,6.8,13.1,0.516,0.549,1.6,1.8,0.864,2.4,9,11.4,3.9,1,0.8,1.6,2.2,22.2
503,Dean Wade,PF,24,CLE,61,17,18.7,2,4.7,0.426,1.2,3.2,0.364,0.8,1.5,0.56,0.55,0.5,0.6,0.757,0.6,2.7,3.2,1.1,0.6,0.3,0.5,1.2,5.7
504,Moritz Wagner,C,23,TOT,42,21,15.5,2.3,5.1,0.449,0.7,2,0.337,1.6,3.1,0.519,0.514,1.5,1.9,0.81,0.6,2.6,3.2,1.1,0.6,0.4,0.9,2.4,6.8
504,Moritz Wagner,C,23,WAS,25,13,15,2.5,4.9,0.508,0.5,1.7,0.31,2,3.2,0.613,0.561,1.6,2.1,0.788,0.5,2.4,2.9,1.3,0.9,0.3,0.8,2.5,7.1
504,Moritz Wagner,C,23,BOS,9,1,6.8,0.4,1.6,0.286,0.2,0.7,0.333,0.2,0.9,0.25,0.357,0.1,0.2,0.5,0.3,1.8,2.1,0.7,0,0.1,1,1.1,1.2
504,Moritz Wagner,C,23,ORL,8,7,26.6,3.8,9.8,0.385,1.6,4.4,0.371,2.1,5.4,0.395,0.468,2.8,3.1,0.88,1.1,4.3,5.4,1.1,0.4,0.9,1.1,3.4,11.9
505,Kemba Walker,PG,30,BOS,43,43,31.8,6.6,15.7,0.42,3,8.2,0.36,3.7,7.5,0.486,0.514,3.1,3.5,0.899,0.4,3.6,4,4.9,1.1,0.3,2,1.4,19.3
506,Lonnie Walker,SG,22,SAS,57,35,25.3,4.3,10.2,0.427,1.7,4.7,0.365,2.6,5.5,0.479,0.51,1,1.2,0.814,0.2,2.4,2.6,1.6,0.5,0.3,1,1.7,11.4
507,John Wall,PG,30,HOU,40,40,32.2,7.3,18.2,0.404,2,6.2,0.317,5.4,11.9,0.449,0.458,4,5.3,0.749,0.4,2.8,3.2,6.9,1.1,0.8,3.5,1.2,20.6
508,Brad Wanamaker,PG,31,TOT,61,0,17.3,1.9,4.9,0.385,0.3,1.4,0.188,1.6,3.5,0.463,0.411,1.5,1.7,0.891,0.3,1.4,1.7,2.9,0.7,0.2,1.2,1.5,5.5
508,Brad Wanamaker,PG,31,GSW,39,0,16,1.6,4.4,0.353,0.3,1.6,0.213,1.2,2.9,0.429,0.39,1.3,1.4,0.893,0.2,1.5,1.7,2.5,0.7,0.2,0.9,1.4,4.7
508,Brad Wanamaker,PG,31,CHO,22,0,19.5,2.5,5.7,0.429,0.1,1.1,0.125,2.3,4.6,0.5,0.44,1.8,2,0.889,0.5,1.3,1.8,3.4,0.8,0.2,1.5,1.8,6.9
509,T.J. Warren,SF,27,IND,4,4,29.3,6.8,12.8,0.529,0,1.8,0,6.8,11,0.614,0.529,2,2.5,0.8,0.5,3,3.5,1.3,0.5,0,1,4,15.5
510,P.J. Washington,PF,22,CHO,61,58,30.5,4.8,10.7,0.449,1.8,4.4,0.399,3,6.2,0.486,0.532,1.8,2.3,0.755,1.4,5,6.5,2.5,1,1.3,2,2.7,13.1
511,Yuta Watanabe,SF,26,TOR,49,3,14.6,1.6,3.6,0.446,0.7,1.8,0.404,0.9,1.8,0.489,0.548,0.5,0.6,0.828,0.7,2.5,3.2,0.8,0.5,0.4,0.4,1.2,4.4
512,Tremont Waters,PG,23,BOS,24,3,7.9,1,2.6,0.365,0.4,1.1,0.333,0.6,1.5,0.389,0.437,0.5,0.6,0.929,0.2,0.5,0.7,2.1,0.5,0,0.9,0.6,2.8
513,Paul Watson,SF,26,TOR,27,2,11,1.4,3,0.463,1.1,2.4,0.469,0.3,0.7,0.444,0.646,0.2,0.3,0.625,0.1,1.5,1.7,0.6,0.2,0.1,0.3,1.3,4.1
514,Quinndary Weatherspoon,SG,24,SAS,18,0,4.5,0.3,0.9,0.353,0,0.2,0,0.3,0.8,0.429,0.353,0.6,0.7,0.833,0.1,0.2,0.3,0.3,0.3,0.1,0.5,0.7,1.2
515,Russell Westbrook,PG,32,WAS,63,63,36.3,8.4,19.1,0.441,1.3,4.1,0.319,7.1,15,0.474,0.475,4.1,6.2,0.651,1.7,9.8,11.5,11.7,1.3,0.4,4.9,2.9,22.2
516,Coby White,PG,20,CHI,66,51,31,5.5,13.1,0.416,2.3,6.5,0.359,3.1,6.6,0.474,0.506,1.9,2.1,0.906,0.4,3.7,4,4.7,0.5,0.2,2.2,2.6,15.2
517,Derrick White,SG,26,SAS,36,32,29.6,5.2,12.6,0.411,2.3,6.8,0.346,2.8,5.8,0.486,0.503,2.7,3.2,0.851,0.4,2.6,3,3.5,0.7,1,1.3,2.5,15.4
518,Hassan Whiteside,C,31,SAC,36,4,15.2,3.5,6.2,0.563,0,0,0,3.5,6.2,0.565,0.563,1.1,2.2,0.519,1.7,4.3,6,0.6,0.3,1.3,1.1,2,8.1
519,Greg Whittington,PF,27,DEN,4,0,3,0,0.8,0,0,0.5,0,0,0.3,0,0,0,0,,0,0,0,0,0,0,0,0,0
520,Andrew Wiggins,PF,25,GSW,70,70,33.2,7.1,14.9,0.476,2,5.2,0.377,5.1,9.7,0.53,0.542,2.4,3.4,0.716,1.1,3.7,4.8,2.4,0.9,1,1.8,2.2,18.6
521,Grant Williams,PF,22,BOS,61,8,17.9,1.6,3.8,0.424,0.8,2.1,0.365,0.9,1.7,0.495,0.524,0.5,0.8,0.583,0.8,2,2.7,1,0.5,0.4,0.9,2.6,4.4
522,Kenrich Williams,PF,26,OKC,66,13,21.6,3.3,6.2,0.533,0.8,1.8,0.444,2.5,4.5,0.568,0.596,0.5,1,0.571,1.3,2.9,4.1,2.3,0.8,0.3,1.2,2.2,8
523,Lou Williams,PG,34,TOT,64,4,21.7,4,9.9,0.409,1,2.7,0.394,3,7.2,0.415,0.462,2.3,2.7,0.865,0.3,1.7,2.1,3.4,0.7,0.1,1.6,1,11.4
523,Lou Williams,PG,34,LAC,42,3,21.9,4.3,10.2,0.421,1.1,2.8,0.378,3.2,7.4,0.437,0.473,2.5,2.8,0.866,0.4,1.7,2.1,3.4,0.9,0.1,1.6,1,12.1
523,Lou Williams,PG,34,ATL,22,1,21.4,3.5,9.2,0.384,1,2.3,0.431,2.5,6.9,0.368,0.438,2,2.3,0.863,0.3,1.7,2,3.4,0.4,0.1,1.7,0.9,10.1
524,Patrick Williams,PF,19,CHI,68,68,28,3.5,7.3,0.48,0.7,1.9,0.385,2.8,5.4,0.514,0.53,1.2,1.7,0.728,0.9,3.7,4.6,1.4,0.9,0.6,1.4,1.8,9
525,Robert Williams,C,23,BOS,52,13,18.9,3.6,5,0.721,0,0,0,3.6,4.9,0.727,0.721,0.9,1.4,0.616,2.6,4.3,6.9,1.8,0.8,1.8,1,2,8
526,Zion Williamson,PF,20,NOP,61,61,33.2,10.4,17,0.611,0.2,0.6,0.294,10.2,16.4,0.622,0.616,6,8.7,0.698,2.7,4.5,7.2,3.7,0.9,0.6,2.7,2.2,27
527,D.J. Wilson,PF,24,TOT,35,1,12.4,1.9,4.8,0.405,0.9,2.5,0.345,1.1,2.3,0.469,0.494,0.5,0.7,0.68,0.6,2.6,3.2,0.7,0.3,0.5,0.6,1.3,5.2
527,D.J. Wilson,PF,24,MIL,12,0,8.8,1.3,3.6,0.372,0.8,2.3,0.357,0.5,1.3,0.4,0.488,0.1,0.2,0.5,0.3,1.8,2.1,0.3,0.1,0.3,0.3,1.1,3.6
527,D.J. Wilson,PF,24,HOU,23,1,14.3,2.3,5.4,0.416,0.9,2.6,0.339,1.4,2.9,0.485,0.496,0.7,1,0.696,0.7,3,3.8,0.9,0.4,0.5,0.8,1.3,6.1
528,Dylan Windler,SF,24,CLE,31,0,16.5,1.8,4.2,0.438,0.8,2.5,0.338,1,1.7,0.585,0.538,0.7,0.9,0.778,0.6,2.8,3.5,1.1,0.6,0.4,1,1.2,5.2
529,Justise Winslow,SF,24,MEM,25,0,18.8,2.6,7.6,0.34,0.2,1.9,0.125,2.4,5.7,0.413,0.356,0.7,1.2,0.586,0.6,3.6,4.2,1.8,0.6,0.5,1.4,1.7,6.1
530,Cassius Winston,PG,22,WAS,21,0,4.6,0.7,1.6,0.424,0.4,0.8,0.471,0.3,0.8,0.375,0.545,0.2,0.3,0.833,0,0.4,0.4,0.6,0.1,0,0.2,0.4,2
531,James Wiseman,C,19,GSW,39,27,21.4,4.9,9.4,0.519,0.3,1,0.316,4.6,8.5,0.542,0.535,1.4,2.2,0.628,1.4,4.4,5.8,0.7,0.3,0.9,1.5,3.1,11.5
532,Christian Wood,C,25,HOU,41,41,32.3,8,15.6,0.514,1.9,5,0.374,6.1,10.6,0.581,0.574,3,4.8,0.631,1.9,7.8,9.6,1.7,0.8,1.2,2,2.1,21
533,Robert Woodard,SF,21,SAC,11,0,2.6,0.6,1.3,0.5,0.1,0.4,0.25,0.5,0.9,0.6,0.536,0.3,0.7,0.375,0.3,0.7,1,0,0,0.2,0.1,0.2,1.6
534,Delon Wright,SG-PG,28,TOT,60,36,27.6,3.8,8.1,0.47,1,2.7,0.39,2.8,5.5,0.509,0.534,1.7,2.1,0.802,1,3.3,4.3,4.4,1.6,0.5,1.3,1.2,10.4
534,Delon Wright,SG,28,DET,36,31,29.2,3.8,8.1,0.464,0.9,2.5,0.348,2.9,5.7,0.515,0.517,2,2.5,0.789,1,3.5,4.6,5,1.6,0.5,1.3,1.3,10.4
534,Delon Wright,PG,28,SAC,24,5,25.2,3.9,8.1,0.479,1.3,2.9,0.443,2.6,5.2,0.5,0.559,1.3,1.5,0.833,1,2.9,3.9,3.5,1.7,0.4,1.3,1.1,10.3
535,Thaddeus Young,PF,32,CHI,65,20,24.1,5.4,9.6,0.56,0.2,0.7,0.279,5.2,8.9,0.581,0.57,1,1.6,0.635,2.4,3.7,6.1,4.3,1.1,0.6,2,2.3,11.9
536,Trae Young,PG,22,ATL,61,61,34.1,7.8,17.9,0.438,2.2,6.4,0.347,5.6,11.5,0.489,0.5,7.8,8.8,0.887,0.6,3.3,4,9.5,0.8,0.2,4.2,1.8,25.7
537,Cody Zeller,C,28,CHO,45,20,20.5,3.8,6.7,0.558,0.1,0.6,0.143,3.7,6.1,0.6,0.564,1.7,2.5,0.703,2.5,4.4,6.8,1.8,0.6,0.4,1,2.5,9.3
538,Ivica Zubac,C,23,LAC,69,30,22.8,3.7,5.6,0.65,0,0,0,3.7,5.6,0.655,0.65,1.9,2.4,0.787,2.7,4.7,7.4,1.3,0.3,0.9,1.1,2.6,9.3
